TradeID,TradeDate,ValueDate,TradeTime,TraderID,Counterparty,CurrencyPair,BuySell,DealtCurrency,BaseCurrency,TermCurrency,NotionalAmount,FXRate,TradeStatus,SettlementStatus,SettlementMethod,Broker,ExecutionVenue,ProductType,MaturityDate,ConfirmationTimestamp,SettlementDate,BookingLocation,Portfolio,TradeVersion,CancellationFlag,AmendmentFlag,RiskSystemID,RegulatoryReportingStatus,TradeSourceSystem,ConfirmationMethod,ConfirmationStatus,SettlementInstructions,Custodian,NettingEligibility,TradeComplianceStatus,KYCCheck,SanctionsScreening,ExceptionFlag,ExceptionNotes,AuditTrailRef,CommissionAmount,CommissionCurrency,BrokerageFee,BrokerageCurrency,CustodyFee,CustodyCurrency,SettlementCost,SettlementCurrency,FXGainLoss,PnlCalculated,CostAllocationStatus,CostCenter,ExpenseApprovalStatus,CostBookedDate
FX0001,5/11/2025,5/16/2025,14:07:18,TDR446,HSBC,EUR/USD,Sell,USD,EUR,USD,500000,97.9964,Cancelled,Settled,CLS,ICAP,Bloomberg,Forward,53:00.1,5/11/2025 13:53,5/16/2025,New York,PORT3,3,Yes,No,RSK3150,Filed,Murex,SWIFT,Pending,Special,BNY Mellon,Yes,Passed,Pending,Pending Review,Yes,Rate mismatch,AUD47808,686.65,USD,63.49,USD,81.05,EUR,47.99,USD,-1235.2,-662.31,Failed,FX_FIN_03,Rejected,5/13/2025
FX0002,5/24/2025,5/26/2025,11:06:26,TDR983,Citi,USD/CHF,Sell,CHF,USD,CHF,1500000,44.76,Cancelled,Settled,Wire,ICAP,EBS,Spot,,5/24/2025 12:53,5/26/2025,Singapore,PORT3,3,Yes,No,RSK8961,Required,Custom,Manual,Confirmed,Standard,BNY Mellon,No,Failed,Complete,Clear,No,Counterparty mismatch,AUD82029,596.53,CHF,429.11,CHF,93.11,USD,134.88,CHF,-887.67,-9751.9,Allocated,FX_OPS_01,Under Review,5/26/2025
FX0003,5/19/2025,5/22/2025,23:57:16,TDR347,Citi,USD/JPY,Buy,USD,USD,JPY,2000000,115.5779,Settled,Failed,CLS,BGC Partners,360T,Forward,53:00.1,5/19/2025 14:53,5/22/2025,Singapore,PORT1,2,Yes,No,RSK5873,Filed,Murex,Manual,Pending,Urgent,JP Morgan,Yes,Passed,Pending,Clear,Yes,Missing documentation,AUD36463,352.68,JPY,313.77,JPY,139.73,USD,32.82,JPY,1187.07,5731.87,Pending,FX_FIN_03,Under Review,5/21/2025
FX0004,6/3/2025,6/5/2025,20:25:10,TDR264,JPMorgan,USD/JPY,Buy,USD,USD,JPY,1000000,112.8647,Cancelled,Settled,Wire,Tullett Prebon,Bloomberg,Spot,,6/3/2025 10:53,6/5/2025,Singapore,PORT1,1,No,Yes,RSK8642,Required,Murex,Email,Confirmed,Standard,HSBC Custody,No,Failed,Pending,Flagged,No,Rate mismatch,AUD23689,275.56,JPY,231.6,JPY,75.13,USD,38.61,JPY,-3571.2,-2977.74,Pending,FX_OPS_01,Under Review,6/6/2025
FX0005,5/28/2025,6/2/2025,23:34:44,TDR180,HSBC,USD/INR,Buy,USD,USD,INR,1500000,126.6499,Cancelled,Pending,Netting,Tullett Prebon,EBS,Swap,53:00.1,5/28/2025 13:53,6/2/2025,New York,PORT2,3,No,No,RSK7251,Required,Murex,Manual,Pending,Special,BNY Mellon,Yes,Passed,Incomplete,Flagged,Yes,Late booking,AUD32831,665.98,INR,420,INR,80.43,USD,85.93,INR,-1768.57,-5663.37,Pending,FX_FIN_03,Under Review,5/30/2025
FX0006,5/15/2025,5/17/2025,2:03:02,TDR604,Citi,EUR/USD,Buy,EUR,EUR,USD,1500000,38.3641,Cancelled,Failed,Netting,ICAP,Reuters,Spot,,5/15/2025 12:53,5/17/2025,London,PORT5,3,Yes,Yes,RSK5553,Required,Murex,Email,Confirmed,Special,HSBC Custody,No,Pending,Incomplete,Clear,Yes,Late booking,AUD12989,229.97,USD,137.7,USD,43.72,EUR,79.56,USD,3722.64,-9104.46,Allocated,FX_FIN_03,Under Review,5/17/2025
FX0007,5/13/2025,5/14/2025,1:48:44,TDR994,HSBC,USD/INR,Sell,INR,USD,INR,500000,131.6948,Settled,Pending,Wire,Tullett Prebon,360T,Forward,53:00.1,5/13/2025 10:53,5/14/2025,New York,PORT5,3,Yes,Yes,RSK6140,Not required,Custom,Electronic,Disputed,Special,BNY Mellon,No,Passed,Complete,Flagged,No,Late booking,AUD99673,636.77,INR,313.4,INR,172.82,USD,114.59,INR,1631.06,2026.79,Pending,FX_TRD_02,Rejected,5/14/2025
FX0008,5/15/2025,5/18/2025,23:53:24,TDR997,Citi,USD/CHF,Sell,CHF,USD,CHF,1000000,21.9091,Cancelled,Pending,CLS,BGC Partners,Reuters,Spot,,5/15/2025 13:53,5/18/2025,Mumbai,PORT4,3,No,No,RSK5409,Not required,Custom,Electronic,Disputed,Special,JP Morgan,No,Pending,Complete,Clear,Yes,Counterparty mismatch,AUD22012,767.04,CHF,367.54,CHF,153.15,USD,89.79,CHF,804.27,-5958.18,Pending,FX_OPS_01,Approved,5/16/2025
FX0009,6/6/2025,6/11/2025,21:05:03,TDR662,Deutsche,GBP/USD,Buy,GBP,GBP,USD,1000000,146.0822,Cancelled,Pending,Netting,BGC Partners,360T,Swap,53:00.1,6/6/2025 10:53,6/11/2025,London,PORT4,2,Yes,No,RSK3242,Not required,Custom,Email,Confirmed,Special,State Street,No,Passed,Complete,Clear,No,,AUD11882,816.92,USD,289.86,USD,181.93,GBP,33.64,USD,964.64,3927.49,Pending,FX_FIN_03,Under Review,6/7/2025
FX0010,5/28/2025,5/30/2025,1:55:39,TDR798,BNP Paribas,USD/CHF,Buy,USD,USD,CHF,1000000,101.4759,Settled,Failed,Netting,Tullett Prebon,Reuters,Swap,53:00.1,5/28/2025 10:53,5/30/2025,London,PORT1,1,Yes,Yes,RSK3461,Required,Summit,Email,Pending,Urgent,State Street,No,Failed,Complete,Pending Review,No,Late booking,AUD84696,701.09,CHF,307.57,CHF,180.3,USD,68.13,CHF,-4783.35,-7541.58,Failed,FX_TRD_02,Rejected,5/31/2025
FX0011,5/30/2025,6/1/2025,21:56:17,TDR109,Deutsche,USD/INR,Buy,USD,USD,INR,1000000,56.4446,Booked,Settled,CLS,ICAP,Bloomberg,Spot,,5/30/2025 14:53,6/1/2025,Singapore,PORT4,3,No,Yes,RSK3910,Not required,Calypso,Electronic,Pending,Special,State Street,No,Pending,Complete,Clear,Yes,Rate mismatch,AUD12056,116.99,INR,339.7,INR,104.72,USD,84.42,INR,4302.45,7647.49,Pending,FX_FIN_03,Under Review,5/31/2025
FX0012,5/16/2025,5/19/2025,13:25:00,TDR564,Citi,USD/INR,Sell,INR,USD,INR,1500000,130.0914,Confirmed,Failed,Netting,BGC Partners,EBS,Forward,53:00.1,5/16/2025 13:53,5/19/2025,Mumbai,PORT4,3,No,No,RSK9388,Required,Custom,SWIFT,Disputed,Standard,JP Morgan,No,Passed,Complete,Clear,Yes,Late booking,AUD38570,530.08,INR,374.56,INR,36.46,USD,108.83,INR,2426.52,6535.46,Failed,FX_FIN_03,Rejected,5/17/2025
FX0013,5/17/2025,5/19/2025,23:34:24,TDR634,Citi,AUD/USD,Sell,USD,AUD,USD,500000,159.3792,Booked,Pending,Netting,ICAP,Bloomberg,Spot,,5/17/2025 12:53,5/19/2025,New York,PORT5,3,No,No,RSK9709,Not required,Custom,Manual,Pending,Special,BNY Mellon,Yes,Failed,Complete,Flagged,No,,AUD61290,558.33,USD,357.55,USD,23.05,AUD,108.76,USD,3962,-6984.79,Failed,FX_FIN_03,Approved,5/18/2025
FX0014,6/8/2025,6/9/2025,3:19:24,TDR994,Deutsche,GBP/USD,Sell,USD,GBP,USD,1000000,147.5993,Confirmed,Settled,Netting,BGC Partners,360T,Forward,53:00.1,6/8/2025 10:53,6/9/2025,London,PORT2,1,Yes,No,RSK9362,Filed,Murex,Email,Disputed,Special,State Street,Yes,Passed,Incomplete,Clear,No,Missing documentation,AUD74648,938.24,USD,96.83,USD,61.58,GBP,85.86,USD,-2262.86,-9633.24,Pending,FX_FIN_03,Rejected,6/10/2025
FX0015,6/2/2025,6/6/2025,17:54:05,TDR373,Citi,AUD/USD,Buy,AUD,AUD,USD,1000000,61.4994,Settled,Settled,Wire,ICAP,Bloomberg,Spot,,6/2/2025 11:53,6/6/2025,Singapore,PORT1,2,Yes,No,RSK5507,Filed,Custom,SWIFT,Confirmed,Urgent,State Street,No,Pending,Complete,Clear,Yes,Missing documentation,AUD31665,316.64,USD,420.16,USD,20.07,AUD,24.28,USD,-2221.59,-8955.02,Failed,FX_OPS_01,Approved,6/3/2025
FX0016,5/18/2025,5/22/2025,4:46:14,TDR821,JPMorgan,USD/INR,Buy,USD,USD,INR,1000000,130.4641,Booked,Failed,Netting,BGC Partners,Bloomberg,Forward,53:00.1,5/18/2025 10:53,5/22/2025,Mumbai,PORT2,2,Yes,No,RSK9785,Not required,Murex,Email,Confirmed,Urgent,HSBC Custody,No,Pending,Pending,Pending Review,Yes,Counterparty mismatch,AUD87157,942.32,INR,214.32,INR,45.11,USD,63.34,INR,1341.21,5645.99,Failed,FX_FIN_03,Rejected,5/20/2025
FX0017,6/3/2025,6/7/2025,20:18:45,TDR137,BNP Paribas,USD/CHF,Sell,CHF,USD,CHF,1500000,140.5233,Cancelled,Failed,Netting,BGC Partners,EBS,Spot,,6/3/2025 14:53,6/7/2025,New York,PORT3,1,No,Yes,RSK6116,Not required,Custom,Manual,Disputed,Urgent,State Street,No,Failed,Incomplete,Clear,Yes,Rate mismatch,AUD58185,942.23,CHF,253.22,CHF,153.38,USD,21.36,CHF,3267.78,46.1,Pending,FX_TRD_02,Under Review,6/5/2025
FX0018,5/15/2025,5/16/2025,13:45:48,TDR603,BNP Paribas,USD/INR,Buy,USD,USD,INR,2000000,98.5252,Cancelled,Failed,CLS,BGC Partners,Reuters,Swap,53:00.1,5/15/2025 10:53,5/16/2025,London,PORT4,2,Yes,Yes,RSK6408,Filed,Murex,SWIFT,Pending,Special,State Street,No,Failed,Incomplete,Clear,Yes,Rate mismatch,AUD60118,134.78,INR,92.85,INR,184.77,USD,146.03,INR,115.66,-5849.65,Failed,FX_TRD_02,Rejected,5/17/2025
FX0019,5/25/2025,5/28/2025,0:56:26,TDR113,Citi,USD/JPY,Sell,JPY,USD,JPY,500000,97.584,Booked,Settled,Netting,ICAP,Bloomberg,Swap,53:00.1,5/25/2025 13:53,5/28/2025,Mumbai,PORT3,2,Yes,Yes,RSK5610,Filed,Custom,Email,Confirmed,Standard,State Street,Yes,Pending,Incomplete,Pending Review,No,Rate mismatch,AUD44898,996.35,JPY,65.16,JPY,129.91,USD,60.32,JPY,3736.09,1342.68,Allocated,FX_OPS_01,Under Review,5/26/2025
FX0020,5/29/2025,6/3/2025,10:33:57,TDR894,JPMorgan,GBP/USD,Buy,GBP,GBP,USD,2000000,82.3857,Booked,Pending,Netting,BGC Partners,Reuters,Swap,53:00.1,5/29/2025 11:53,6/3/2025,Singapore,PORT3,1,Yes,No,RSK1920,Not required,Custom,Electronic,Pending,Urgent,BNY Mellon,No,Passed,Incomplete,Flagged,Yes,Late booking,AUD22975,484.12,USD,58.73,USD,66.48,GBP,20.43,USD,-664.8,-8673.24,Failed,FX_OPS_01,Rejected,5/31/2025
FX0021,5/15/2025,5/16/2025,10:05:00,TDR937,Deutsche,USD/CHF,Buy,USD,USD,CHF,1500000,105.3439,Booked,Failed,CLS,ICAP,Bloomberg,Forward,53:00.1,5/15/2025 13:53,5/16/2025,Singapore,PORT3,2,Yes,No,RSK6151,Not required,Summit,Email,Confirmed,Urgent,HSBC Custody,No,Passed,Complete,Clear,No,,AUD14775,740.49,CHF,58.97,CHF,47.09,USD,141.17,CHF,3172.05,-6382.14,Allocated,FX_FIN_03,Approved,5/17/2025
FX0022,6/2/2025,6/7/2025,15:10:41,TDR319,Deutsche,GBP/USD,Buy,GBP,GBP,USD,1000000,141.8921,Cancelled,Settled,CLS,BGC Partners,EBS,Spot,,6/2/2025 14:53,6/7/2025,London,PORT3,1,Yes,No,RSK2291,Required,Calypso,Electronic,Confirmed,Standard,State Street,No,Passed,Pending,Flagged,No,Counterparty mismatch,AUD94736,869,USD,411.07,USD,151.71,GBP,58.2,USD,3507.63,2683.28,Failed,FX_TRD_02,Approved,6/5/2025
FX0023,5/14/2025,5/16/2025,5:33:36,TDR567,JPMorgan,AUD/USD,Sell,USD,AUD,USD,1500000,3.6996,Cancelled,Failed,CLS,ICAP,EBS,Swap,53:00.1,5/14/2025 11:53,5/16/2025,Mumbai,PORT5,3,No,No,RSK2487,Not required,Calypso,Manual,Pending,Special,JP Morgan,Yes,Failed,Incomplete,Pending Review,Yes,Rate mismatch,AUD13319,573.63,USD,299.41,USD,159.87,AUD,19.92,USD,-1547.63,3569.9,Pending,FX_TRD_02,Approved,5/17/2025
FX0024,5/20/2025,5/21/2025,19:07:07,TDR785,JPMorgan,USD/JPY,Buy,USD,USD,JPY,500000,95.1377,Confirmed,Failed,CLS,BGC Partners,Bloomberg,Spot,,5/20/2025 10:53,5/21/2025,Mumbai,PORT5,3,Yes,No,RSK1009,Not required,Calypso,Electronic,Disputed,Urgent,BNY Mellon,No,Failed,Complete,Pending Review,Yes,Rate mismatch,AUD94843,536.22,JPY,110.64,JPY,186.37,USD,30.67,JPY,-3281.75,3304.06,Allocated,FX_TRD_02,Rejected,5/21/2025
FX0025,5/23/2025,5/26/2025,18:23:30,TDR679,Citi,GBP/USD,Sell,USD,GBP,USD,1500000,19.7948,Settled,Failed,Wire,ICAP,EBS,Forward,53:00.1,5/23/2025 13:53,5/26/2025,Singapore,PORT4,1,No,No,RSK2249,Not required,Custom,Email,Disputed,Special,State Street,No,Passed,Incomplete,Flagged,No,Late booking,AUD34247,345.61,USD,215.18,USD,63.46,GBP,56.34,USD,2600.7,2841.63,Allocated,FX_FIN_03,Rejected,5/24/2025
FX0026,5/30/2025,5/31/2025,8:26:02,TDR834,BNP Paribas,AUD/USD,Buy,AUD,AUD,USD,2000000,108.8821,Cancelled,Settled,Wire,BGC Partners,360T,Forward,53:00.1,5/30/2025 11:53,5/31/2025,New York,PORT3,3,Yes,No,RSK2303,Filed,Summit,SWIFT,Pending,Special,JP Morgan,No,Failed,Complete,Pending Review,Yes,Missing documentation,AUD92719,481.35,USD,190.43,USD,27.13,AUD,52.5,USD,3231.73,-1181.04,Pending,FX_OPS_01,Under Review,5/31/2025
FX0027,5/31/2025,6/3/2025,1:40:31,TDR447,Deutsche,EUR/USD,Buy,EUR,EUR,USD,500000,78.2592,Confirmed,Settled,CLS,ICAP,EBS,Spot,,5/31/2025 14:53,6/3/2025,London,PORT5,2,Yes,Yes,RSK1770,Required,Summit,Electronic,Pending,Urgent,JP Morgan,Yes,Failed,Complete,Pending Review,No,Rate mismatch,AUD18468,699.46,USD,54.43,USD,93.2,EUR,72.33,USD,3175.53,7985.87,Allocated,FX_OPS_01,Under Review,6/3/2025
FX0028,5/19/2025,5/24/2025,22:17:34,TDR204,Citi,EUR/USD,Buy,EUR,EUR,USD,500000,111.3476,Confirmed,Settled,CLS,BGC Partners,EBS,Forward,53:00.1,5/19/2025 13:53,5/24/2025,London,PORT1,1,Yes,Yes,RSK6323,Required,Summit,Manual,Confirmed,Special,BNY Mellon,No,Failed,Incomplete,Clear,Yes,Late booking,AUD33004,954.99,USD,109.17,USD,155.77,EUR,144.34,USD,1066.11,2234.68,Failed,FX_TRD_02,Rejected,5/20/2025
FX0029,5/25/2025,5/27/2025,17:48:46,TDR450,HSBC,USD/CHF,Buy,USD,USD,CHF,1000000,119.5391,Cancelled,Pending,Netting,Tullett Prebon,Reuters,Swap,53:00.1,5/25/2025 12:53,5/27/2025,London,PORT4,1,Yes,Yes,RSK2123,Required,Summit,Manual,Pending,Urgent,BNY Mellon,No,Pending,Incomplete,Flagged,Yes,Counterparty mismatch,AUD96701,229.09,CHF,240.58,CHF,145.44,USD,104.88,CHF,-2244.61,8690.47,Pending,FX_FIN_03,Under Review,5/26/2025
FX0030,5/9/2025,5/13/2025,15:08:29,TDR424,JPMorgan,AUD/USD,Sell,USD,AUD,USD,500000,5.1123,Booked,Settled,Netting,ICAP,Bloomberg,Forward,53:00.1,5/9/2025 11:53,5/13/2025,Mumbai,PORT1,1,Yes,Yes,RSK2332,Not required,Summit,SWIFT,Pending,Standard,State Street,Yes,Pending,Pending,Flagged,No,Late booking,AUD47881,225.41,USD,335.55,USD,165.75,AUD,149.05,USD,-698.85,4643.31,Allocated,FX_OPS_01,Under Review,5/11/2025
FX0031,6/6/2025,6/7/2025,13:57:16,TDR727,Citi,USD/INR,Sell,INR,USD,INR,2000000,39.1513,Booked,Settled,Wire,Tullett Prebon,EBS,Forward,53:00.1,6/6/2025 11:53,6/7/2025,New York,PORT1,2,No,Yes,RSK1782,Required,Murex,Email,Pending,Urgent,JP Morgan,Yes,Failed,Pending,Clear,Yes,,AUD80415,150.1,INR,105.1,INR,27.95,USD,57.11,INR,428.21,7254.2,Pending,FX_OPS_01,Approved,6/7/2025
FX0032,5/28/2025,5/29/2025,23:28:16,TDR141,Citi,USD/CHF,Sell,CHF,USD,CHF,500000,23.3811,Settled,Settled,Netting,BGC Partners,360T,Spot,,5/28/2025 14:53,5/29/2025,London,PORT3,3,No,Yes,RSK6726,Not required,Calypso,Email,Confirmed,Standard,HSBC Custody,Yes,Pending,Complete,Flagged,No,Counterparty mismatch,AUD10484,476.53,CHF,140.2,CHF,96.37,USD,10.41,CHF,4720.28,-4230.87,Pending,FX_TRD_02,Under Review,5/31/2025
FX0033,5/22/2025,5/25/2025,19:21:12,TDR523,Deutsche,AUD/USD,Buy,AUD,AUD,USD,500000,115.2744,Confirmed,Settled,CLS,BGC Partners,Reuters,Forward,53:00.1,5/22/2025 10:53,5/25/2025,Singapore,PORT5,1,Yes,Yes,RSK8141,Not required,Murex,Email,Disputed,Special,JP Morgan,No,Failed,Incomplete,Clear,Yes,Late booking,AUD11222,405.15,USD,448.29,USD,26.55,AUD,132.06,USD,-641.74,7929.97,Pending,FX_OPS_01,Under Review,5/25/2025
FX0034,5/19/2025,5/24/2025,4:01:40,TDR807,Deutsche,USD/JPY,Buy,USD,USD,JPY,2000000,102.2079,Booked,Failed,Netting,Tullett Prebon,EBS,Spot,,5/19/2025 10:53,5/24/2025,Mumbai,PORT4,3,No,Yes,RSK7960,Filed,Calypso,Electronic,Pending,Special,HSBC Custody,Yes,Failed,Pending,Clear,No,Counterparty mismatch,AUD54690,688.75,JPY,468,JPY,130.79,USD,53.98,JPY,2910.94,-6349.68,Pending,FX_TRD_02,Approved,5/22/2025
FX0035,6/2/2025,6/3/2025,7:12:02,TDR774,HSBC,USD/CHF,Sell,CHF,USD,CHF,2000000,17.2176,Cancelled,Settled,Netting,BGC Partners,Bloomberg,Swap,53:00.1,6/2/2025 14:53,6/3/2025,London,PORT4,1,Yes,No,RSK9682,Not required,Summit,SWIFT,Pending,Special,HSBC Custody,Yes,Passed,Incomplete,Pending Review,No,Missing documentation,AUD68981,305.11,CHF,188.49,CHF,188.08,USD,85.2,CHF,2758.35,5262.17,Failed,FX_FIN_03,Rejected,6/4/2025
FX0036,5/13/2025,5/17/2025,13:41:51,TDR681,JPMorgan,USD/JPY,Sell,JPY,USD,JPY,500000,112.2961,Confirmed,Settled,Wire,BGC Partners,EBS,Swap,53:00.1,5/13/2025 13:53,5/17/2025,New York,PORT3,2,Yes,No,RSK1597,Not required,Custom,Email,Disputed,Standard,JP Morgan,Yes,Pending,Complete,Clear,No,Missing documentation,AUD68050,532.67,JPY,319.73,JPY,40.08,USD,25.3,JPY,-4074.42,-3939.17,Allocated,FX_TRD_02,Approved,5/15/2025
FX0037,5/18/2025,5/21/2025,11:25:09,TDR758,Citi,AUD/USD,Buy,AUD,AUD,USD,1000000,11.976,Booked,Settled,Wire,ICAP,360T,Swap,53:00.1,5/18/2025 12:53,5/21/2025,Singapore,PORT5,3,Yes,No,RSK8070,Filed,Murex,Electronic,Confirmed,Standard,JP Morgan,No,Pending,Pending,Pending Review,No,Missing documentation,AUD41726,994.74,USD,107.18,USD,98.16,AUD,145.25,USD,-1264.52,8441.43,Pending,FX_FIN_03,Rejected,5/20/2025
FX0038,5/31/2025,6/5/2025,8:20:38,TDR298,Deutsche,USD/CHF,Sell,CHF,USD,CHF,500000,115.3583,Settled,Settled,Wire,BGC Partners,Reuters,Forward,53:00.1,5/31/2025 11:53,6/5/2025,New York,PORT2,2,No,No,RSK9614,Required,Custom,Email,Confirmed,Standard,BNY Mellon,Yes,Failed,Pending,Pending Review,Yes,Missing documentation,AUD13255,254.17,CHF,441.53,CHF,26.24,USD,103.62,CHF,3326.24,7356.39,Pending,FX_FIN_03,Approved,6/3/2025
FX0039,6/3/2025,6/5/2025,4:27:04,TDR876,BNP Paribas,GBP/USD,Sell,USD,GBP,USD,1500000,75.5059,Cancelled,Settled,Wire,ICAP,EBS,Swap,53:00.1,6/3/2025 13:53,6/5/2025,London,PORT2,3,Yes,No,RSK8229,Not required,Calypso,Electronic,Disputed,Urgent,JP Morgan,Yes,Pending,Pending,Flagged,No,Missing documentation,AUD55511,726.86,USD,344.54,USD,150.71,GBP,75.13,USD,139.98,-151.83,Allocated,FX_TRD_02,Rejected,6/4/2025
FX0040,6/3/2025,6/6/2025,11:27:09,TDR272,Citi,USD/INR,Buy,USD,USD,INR,1500000,134.1461,Confirmed,Pending,Netting,BGC Partners,EBS,Swap,53:00.1,6/3/2025 12:53,6/6/2025,Singapore,PORT2,2,No,Yes,RSK5353,Not required,Calypso,Manual,Pending,Urgent,State Street,No,Passed,Pending,Clear,No,Late booking,AUD27499,627.94,INR,374.65,INR,168.36,USD,145.16,INR,-4872.6,3023.68,Allocated,FX_FIN_03,Rejected,6/4/2025
FX0041,5/26/2025,5/29/2025,11:41:19,TDR271,HSBC,GBP/USD,Buy,GBP,GBP,USD,500000,116.6563,Confirmed,Pending,CLS,BGC Partners,Reuters,Swap,53:00.1,5/26/2025 10:53,5/29/2025,Mumbai,PORT1,1,No,Yes,RSK5995,Filed,Calypso,SWIFT,Pending,Standard,State Street,Yes,Failed,Incomplete,Clear,Yes,Missing documentation,AUD83617,493.55,USD,248.31,USD,114.9,GBP,109.46,USD,-3930.85,8524.68,Failed,FX_TRD_02,Rejected,5/27/2025
FX0042,6/7/2025,6/8/2025,1:25:52,TDR489,HSBC,USD/JPY,Buy,USD,USD,JPY,2000000,2.9091,Booked,Failed,CLS,ICAP,Bloomberg,Swap,53:00.1,6/7/2025 14:53,6/8/2025,London,PORT4,1,Yes,Yes,RSK5850,Required,Murex,Electronic,Pending,Urgent,BNY Mellon,Yes,Passed,Incomplete,Pending Review,Yes,Rate mismatch,AUD12553,823.63,JPY,119.55,JPY,122.46,USD,108.4,JPY,3637.58,5721.83,Pending,FX_TRD_02,Rejected,6/9/2025
FX0043,5/21/2025,5/24/2025,13:33:48,TDR163,Citi,AUD/USD,Sell,USD,AUD,USD,2000000,89.5294,Booked,Failed,CLS,ICAP,360T,Swap,53:00.1,5/21/2025 10:53,5/24/2025,New York,PORT1,2,Yes,No,RSK6585,Required,Summit,Email,Pending,Special,JP Morgan,No,Passed,Incomplete,Flagged,No,Counterparty mismatch,AUD10220,816.67,USD,275.23,USD,129.37,AUD,96.1,USD,-1545.25,-9018.79,Pending,FX_FIN_03,Under Review,5/22/2025
FX0044,5/17/2025,5/22/2025,2:18:41,TDR171,JPMorgan,USD/CHF,Buy,USD,USD,CHF,1500000,147.3497,Confirmed,Failed,CLS,BGC Partners,360T,Spot,,5/17/2025 11:53,5/22/2025,Mumbai,PORT3,3,Yes,Yes,RSK7032,Not required,Summit,SWIFT,Disputed,Special,State Street,Yes,Pending,Complete,Clear,Yes,,AUD18352,832.36,CHF,383.85,CHF,93.96,USD,113.45,CHF,-4066,-2074.68,Failed,FX_TRD_02,Rejected,5/18/2025
FX0045,5/15/2025,5/17/2025,12:05:41,TDR743,JPMorgan,USD/CHF,Buy,USD,USD,CHF,2000000,19.9876,Settled,Failed,Wire,Tullett Prebon,Bloomberg,Forward,53:00.1,5/15/2025 10:53,5/17/2025,New York,PORT4,1,Yes,Yes,RSK4891,Not required,Murex,Manual,Pending,Special,State Street,No,Passed,Complete,Flagged,Yes,Missing documentation,AUD46374,972.3,CHF,96.16,CHF,52.58,USD,52.64,CHF,-1520.42,-8355.09,Failed,FX_TRD_02,Approved,5/16/2025
FX0046,5/18/2025,5/23/2025,17:06:34,TDR426,Citi,USD/CHF,Sell,CHF,USD,CHF,1500000,116.6401,Booked,Failed,Wire,ICAP,EBS,Forward,53:00.1,5/18/2025 11:53,5/23/2025,London,PORT3,3,Yes,No,RSK7304,Not required,Custom,Manual,Pending,Urgent,JP Morgan,Yes,Passed,Pending,Flagged,Yes,Missing documentation,AUD61694,331.45,CHF,398.88,CHF,159.38,USD,101.34,CHF,1065.23,-2071.91,Allocated,FX_FIN_03,Under Review,5/19/2025
FX0047,5/18/2025,5/19/2025,16:22:19,TDR799,Citi,USD/INR,Buy,USD,USD,INR,1500000,25.3173,Booked,Failed,CLS,Tullett Prebon,EBS,Spot,,5/18/2025 14:53,5/19/2025,Singapore,PORT5,3,No,Yes,RSK4514,Filed,Summit,Email,Pending,Standard,State Street,Yes,Passed,Pending,Pending Review,No,Rate mismatch,AUD80428,666.27,INR,316.79,INR,27.85,USD,47.63,INR,-472.86,4265.98,Failed,FX_TRD_02,Approved,5/19/2025
FX0048,5/10/2025,5/15/2025,11:47:39,TDR932,Deutsche,EUR/USD,Buy,EUR,EUR,USD,2000000,21.2284,Booked,Settled,CLS,Tullett Prebon,Reuters,Spot,,5/10/2025 10:53,5/15/2025,Singapore,PORT4,2,Yes,No,RSK6659,Not required,Calypso,Email,Disputed,Urgent,JP Morgan,No,Passed,Incomplete,Clear,Yes,Counterparty mismatch,AUD28753,228.67,USD,403.19,USD,136.38,EUR,34.12,USD,457.87,3087.37,Pending,FX_FIN_03,Rejected,5/13/2025
FX0049,5/9/2025,5/10/2025,23:54:52,TDR220,Citi,EUR/USD,Buy,EUR,EUR,USD,1000000,136.0871,Cancelled,Failed,CLS,Tullett Prebon,EBS,Forward,53:00.1,5/9/2025 13:53,5/10/2025,Mumbai,PORT1,2,No,Yes,RSK4886,Required,Summit,SWIFT,Disputed,Urgent,JP Morgan,No,Passed,Incomplete,Pending Review,Yes,Missing documentation,AUD39283,819.43,USD,129.75,USD,37.17,EUR,12.02,USD,3697.41,9887.16,Failed,FX_FIN_03,Approved,5/10/2025
FX0050,5/23/2025,5/26/2025,5:03:45,TDR320,HSBC,USD/CHF,Sell,CHF,USD,CHF,1000000,153.4955,Confirmed,Pending,CLS,Tullett Prebon,EBS,Forward,53:00.1,5/23/2025 12:53,5/26/2025,New York,PORT5,3,No,No,RSK3069,Filed,Custom,Email,Pending,Urgent,State Street,No,Failed,Incomplete,Flagged,No,,AUD50447,738.34,CHF,132.8,CHF,55.62,USD,98.7,CHF,2460.3,-9399.68,Failed,FX_FIN_03,Rejected,5/25/2025
FX0051,6/1/2025,6/5/2025,14:36:40,TDR845,Citi,USD/CHF,Buy,USD,USD,CHF,1500000,84.8079,Booked,Failed,CLS,ICAP,EBS,Spot,,6/1/2025 14:53,6/5/2025,London,PORT3,2,No,No,RSK5324,Required,Murex,Manual,Pending,Standard,State Street,No,Failed,Complete,Clear,No,Missing documentation,AUD46580,463.81,CHF,78.83,CHF,123.1,USD,67.5,CHF,-1587.58,-1477.41,Allocated,FX_FIN_03,Rejected,6/3/2025
FX0052,5/24/2025,5/28/2025,9:44:31,TDR394,JPMorgan,GBP/USD,Buy,GBP,GBP,USD,1000000,17.0315,Settled,Failed,CLS,Tullett Prebon,Reuters,Spot,,5/24/2025 11:53,5/28/2025,London,PORT4,1,No,No,RSK1174,Filed,Summit,Email,Confirmed,Special,State Street,No,Passed,Complete,Clear,Yes,,AUD66003,873.41,USD,455.01,USD,151.06,GBP,109.22,USD,4106.26,-9261.49,Failed,FX_TRD_02,Rejected,5/26/2025
FX0053,6/2/2025,6/4/2025,9:02:07,TDR912,JPMorgan,EUR/USD,Buy,EUR,EUR,USD,2000000,89.9847,Booked,Settled,Wire,BGC Partners,EBS,Spot,,6/2/2025 12:53,6/4/2025,Mumbai,PORT5,3,Yes,No,RSK6300,Not required,Summit,Manual,Pending,Standard,JP Morgan,No,Pending,Incomplete,Clear,Yes,Counterparty mismatch,AUD44648,130.75,USD,94.79,USD,84.77,EUR,126.29,USD,-3197.45,5582.26,Allocated,FX_TRD_02,Rejected,6/4/2025
FX0054,5/10/2025,5/11/2025,23:54:33,TDR798,JPMorgan,GBP/USD,Buy,GBP,GBP,USD,2000000,45.8454,Settled,Failed,Wire,Tullett Prebon,EBS,Forward,53:00.1,5/10/2025 10:53,5/11/2025,Mumbai,PORT1,1,Yes,No,RSK1015,Required,Murex,Email,Pending,Urgent,State Street,No,Pending,Pending,Pending Review,Yes,Rate mismatch,AUD65047,916.26,USD,113.67,USD,197.67,GBP,100.06,USD,-1002.91,-1662.24,Allocated,FX_TRD_02,Under Review,5/11/2025
FX0055,6/1/2025,6/5/2025,23:53:36,TDR891,Citi,GBP/USD,Buy,GBP,GBP,USD,1000000,116.6117,Booked,Settled,CLS,ICAP,360T,Swap,53:00.1,6/1/2025 13:53,6/5/2025,New York,PORT3,3,Yes,No,RSK8153,Required,Custom,SWIFT,Confirmed,Special,BNY Mellon,No,Pending,Complete,Flagged,Yes,Late booking,AUD35640,996.49,USD,96.97,USD,137.01,GBP,35.13,USD,179.9,-2476.06,Failed,FX_FIN_03,Under Review,6/2/2025
FX0056,5/19/2025,5/20/2025,10:08:29,TDR414,Citi,EUR/USD,Buy,EUR,EUR,USD,2000000,53.2805,Booked,Pending,CLS,Tullett Prebon,EBS,Swap,53:00.1,5/19/2025 13:53,5/20/2025,Singapore,PORT5,2,Yes,No,RSK9178,Not required,Summit,Electronic,Pending,Urgent,JP Morgan,No,Pending,Incomplete,Flagged,Yes,Counterparty mismatch,AUD43303,371.02,USD,99.94,USD,168.01,EUR,67.67,USD,3191.98,-7894.04,Pending,FX_TRD_02,Rejected,5/20/2025
FX0057,5/22/2025,5/26/2025,22:44:08,TDR877,Deutsche,EUR/USD,Sell,USD,EUR,USD,2000000,49.4537,Cancelled,Pending,CLS,ICAP,Bloomberg,Swap,53:00.1,5/22/2025 10:53,5/26/2025,London,PORT4,2,No,No,RSK7218,Filed,Custom,Electronic,Pending,Urgent,State Street,No,Pending,Complete,Pending Review,Yes,Rate mismatch,AUD89866,210.99,USD,468.39,USD,135.4,EUR,93.18,USD,4066.04,-2020.51,Failed,FX_TRD_02,Approved,5/24/2025
FX0058,5/21/2025,5/24/2025,17:03:08,TDR118,Citi,USD/INR,Sell,INR,USD,INR,1500000,81.5353,Confirmed,Pending,Wire,Tullett Prebon,EBS,Spot,,5/21/2025 10:53,5/24/2025,London,PORT4,2,No,Yes,RSK6608,Filed,Calypso,SWIFT,Disputed,Special,BNY Mellon,Yes,Failed,Incomplete,Pending Review,Yes,Rate mismatch,AUD53221,694.76,INR,325.89,INR,56.7,USD,51.26,INR,3750.92,54.73,Pending,FX_TRD_02,Rejected,5/23/2025
FX0059,5/10/2025,5/14/2025,21:49:41,TDR438,Citi,USD/INR,Buy,USD,USD,INR,1500000,73.4698,Cancelled,Pending,CLS,Tullett Prebon,Reuters,Swap,53:00.1,5/10/2025 14:53,5/14/2025,Singapore,PORT4,2,Yes,Yes,RSK4029,Filed,Calypso,Email,Confirmed,Special,BNY Mellon,Yes,Pending,Pending,Clear,No,Counterparty mismatch,AUD45539,666.83,INR,94.92,INR,120.15,USD,66.79,INR,4496.81,-258.24,Failed,FX_OPS_01,Rejected,5/12/2025
FX0060,5/19/2025,5/20/2025,5:12:01,TDR246,Deutsche,USD/INR,Sell,INR,USD,INR,1000000,4.0424,Settled,Settled,Netting,Tullett Prebon,EBS,Spot,,5/19/2025 12:53,5/20/2025,London,PORT2,3,No,No,RSK5775,Filed,Summit,SWIFT,Disputed,Standard,JP Morgan,Yes,Pending,Incomplete,Pending Review,No,,AUD69370,480.26,INR,319.22,INR,99.95,USD,23.4,INR,-3286.12,-386.93,Allocated,FX_OPS_01,Rejected,5/20/2025
FX0061,6/2/2025,6/3/2025,8:57:18,TDR229,Deutsche,GBP/USD,Buy,GBP,GBP,USD,1000000,158.3944,Settled,Pending,Netting,Tullett Prebon,Reuters,Forward,53:00.1,6/2/2025 11:53,6/3/2025,London,PORT2,1,No,No,RSK9035,Filed,Murex,Manual,Confirmed,Special,BNY Mellon,No,Pending,Incomplete,Clear,No,Late booking,AUD76824,138.5,USD,236.15,USD,30.73,GBP,59.43,USD,1505.35,-7975.9,Allocated,FX_TRD_02,Approved,6/3/2025
FX0062,6/7/2025,6/10/2025,15:44:10,TDR671,BNP Paribas,USD/CHF,Sell,CHF,USD,CHF,2000000,156.4896,Confirmed,Failed,Netting,Tullett Prebon,Bloomberg,Swap,53:00.1,6/7/2025 14:53,6/10/2025,New York,PORT5,3,No,Yes,RSK7490,Required,Murex,SWIFT,Pending,Special,JP Morgan,Yes,Failed,Pending,Pending Review,Yes,,AUD93667,589.75,CHF,229.73,CHF,63.62,USD,108.05,CHF,3495.51,-4742.86,Allocated,FX_TRD_02,Approved,6/9/2025
FX0063,5/11/2025,5/15/2025,7:12:22,TDR841,Deutsche,AUD/USD,Sell,USD,AUD,USD,2000000,63.0746,Booked,Settled,Netting,ICAP,Bloomberg,Forward,53:00.1,5/11/2025 12:53,5/15/2025,London,PORT2,1,No,No,RSK1768,Not required,Summit,Email,Disputed,Standard,HSBC Custody,No,Passed,Complete,Clear,Yes,Counterparty mismatch,AUD73793,152.89,USD,261.5,USD,158.66,AUD,84.39,USD,-170.61,4126.03,Pending,FX_OPS_01,Under Review,5/13/2025
FX0064,6/4/2025,6/5/2025,21:44:15,TDR810,BNP Paribas,AUD/USD,Sell,USD,AUD,USD,1000000,150.7824,Confirmed,Failed,Wire,BGC Partners,360T,Spot,,6/4/2025 13:53,6/5/2025,Mumbai,PORT4,1,No,Yes,RSK1406,Required,Summit,Electronic,Confirmed,Urgent,State Street,Yes,Failed,Complete,Flagged,No,Late booking,AUD92334,642.59,USD,135.46,USD,111.21,AUD,34.46,USD,-1608.56,5791.42,Pending,FX_TRD_02,Under Review,6/6/2025
FX0065,6/4/2025,6/5/2025,11:29:24,TDR958,HSBC,USD/INR,Sell,INR,USD,INR,2000000,124.2887,Booked,Pending,CLS,Tullett Prebon,Bloomberg,Forward,53:00.1,6/4/2025 14:53,6/5/2025,Singapore,PORT4,3,No,Yes,RSK1931,Filed,Calypso,Email,Confirmed,Special,HSBC Custody,Yes,Passed,Pending,Clear,Yes,Rate mismatch,AUD89696,675.73,INR,460.97,INR,98.44,USD,81.97,INR,4724.89,-2407.56,Allocated,FX_TRD_02,Approved,6/7/2025
FX0066,5/30/2025,6/4/2025,11:25:35,TDR946,Citi,AUD/USD,Buy,AUD,AUD,USD,500000,51.649,Confirmed,Failed,Wire,ICAP,360T,Spot,,5/30/2025 12:53,6/4/2025,Singapore,PORT4,3,No,No,RSK8187,Not required,Calypso,Email,Pending,Urgent,HSBC Custody,No,Pending,Incomplete,Flagged,No,Late booking,AUD11259,542.58,USD,410.05,USD,122.38,AUD,56.33,USD,-2384.05,-9965.42,Failed,FX_FIN_03,Rejected,6/1/2025
FX0067,6/1/2025,6/3/2025,9:00:10,TDR847,Citi,USD/INR,Buy,USD,USD,INR,2000000,87.5146,Settled,Pending,Wire,Tullett Prebon,EBS,Forward,53:00.1,6/1/2025 13:53,6/3/2025,Mumbai,PORT2,3,Yes,No,RSK8042,Required,Calypso,Electronic,Pending,Special,JP Morgan,Yes,Passed,Complete,Flagged,Yes,Late booking,AUD31186,968.17,INR,371.95,INR,119.61,USD,58.21,INR,-4452.23,5535.92,Pending,FX_OPS_01,Under Review,6/2/2025
FX0068,5/21/2025,5/24/2025,2:08:27,TDR622,Deutsche,GBP/USD,Sell,USD,GBP,USD,2000000,19.7588,Confirmed,Settled,Wire,ICAP,Reuters,Forward,53:00.1,5/21/2025 12:53,5/24/2025,London,PORT1,2,No,Yes,RSK3550,Filed,Custom,Electronic,Confirmed,Special,BNY Mellon,No,Passed,Complete,Clear,No,Missing documentation,AUD59431,828.6,USD,323.06,USD,56.67,GBP,73.85,USD,-1350.48,9652.8,Failed,FX_OPS_01,Under Review,5/23/2025
FX0069,6/1/2025,6/5/2025,4:08:03,TDR356,BNP Paribas,USD/JPY,Sell,JPY,USD,JPY,2000000,57.5299,Cancelled,Pending,Netting,BGC Partners,Reuters,Swap,53:00.1,6/1/2025 14:53,6/5/2025,New York,PORT1,2,Yes,No,RSK5302,Filed,Custom,Manual,Disputed,Urgent,State Street,No,Pending,Complete,Flagged,No,Missing documentation,AUD89762,778.7,JPY,325.66,JPY,104.83,USD,119.66,JPY,4847.03,2310.95,Failed,FX_FIN_03,Rejected,6/2/2025
FX0070,6/5/2025,6/8/2025,11:52:42,TDR185,Citi,USD/CHF,Buy,USD,USD,CHF,1000000,150.3306,Confirmed,Pending,Wire,Tullett Prebon,Bloomberg,Forward,53:00.1,6/5/2025 11:53,6/8/2025,Mumbai,PORT3,2,Yes,Yes,RSK9596,Filed,Calypso,Electronic,Confirmed,Special,HSBC Custody,Yes,Failed,Incomplete,Flagged,Yes,Late booking,AUD67476,619.74,CHF,237.72,CHF,26.46,USD,10.89,CHF,3845.16,5806.18,Failed,FX_OPS_01,Approved,6/7/2025
FX0071,5/11/2025,5/12/2025,18:41:17,TDR712,BNP Paribas,GBP/USD,Buy,GBP,GBP,USD,1500000,92.7998,Booked,Failed,Wire,Tullett Prebon,360T,Forward,53:00.1,5/11/2025 12:53,5/12/2025,Mumbai,PORT2,2,Yes,Yes,RSK9921,Required,Murex,Electronic,Pending,Standard,HSBC Custody,Yes,Failed,Pending,Pending Review,No,Late booking,AUD80552,381.12,USD,132.86,USD,48.84,GBP,136.64,USD,693.23,-9818.14,Allocated,FX_FIN_03,Rejected,5/14/2025
FX0072,5/12/2025,5/14/2025,11:30:13,TDR578,Citi,USD/INR,Sell,INR,USD,INR,500000,110.9082,Booked,Pending,CLS,Tullett Prebon,EBS,Forward,53:00.1,5/12/2025 13:53,5/14/2025,New York,PORT2,3,No,Yes,RSK4022,Filed,Summit,Electronic,Disputed,Special,State Street,No,Pending,Pending,Pending Review,No,,AUD30195,828.4,INR,436.57,INR,143.52,USD,78.76,INR,-967.26,650.82,Allocated,FX_TRD_02,Approved,5/15/2025
FX0073,5/21/2025,5/24/2025,8:54:50,TDR405,Citi,AUD/USD,Buy,AUD,AUD,USD,1500000,139.4693,Settled,Settled,Wire,Tullett Prebon,EBS,Spot,,5/21/2025 13:53,5/24/2025,New York,PORT3,1,Yes,No,RSK5727,Not required,Murex,Manual,Pending,Standard,State Street,Yes,Passed,Incomplete,Pending Review,Yes,Missing documentation,AUD18279,723.74,USD,170.85,USD,187.93,AUD,29.3,USD,2360.84,-2668.21,Allocated,FX_OPS_01,Approved,5/23/2025
FX0074,5/30/2025,6/4/2025,14:12:53,TDR190,Citi,USD/JPY,Buy,USD,USD,JPY,500000,46.8037,Settled,Pending,Wire,BGC Partners,Bloomberg,Forward,53:00.1,5/30/2025 12:53,6/4/2025,New York,PORT4,3,Yes,No,RSK8520,Not required,Custom,SWIFT,Disputed,Urgent,JP Morgan,No,Failed,Incomplete,Flagged,No,Rate mismatch,AUD32394,227.65,JPY,220.95,JPY,80.56,USD,73.25,JPY,-1925.65,-6003.21,Failed,FX_OPS_01,Approved,5/31/2025
FX0075,5/26/2025,5/31/2025,2:18:23,TDR331,Citi,USD/JPY,Buy,USD,USD,JPY,1000000,85.7296,Settled,Failed,Netting,ICAP,360T,Forward,53:00.1,5/26/2025 12:53,5/31/2025,Singapore,PORT2,2,Yes,No,RSK8401,Filed,Calypso,SWIFT,Confirmed,Special,State Street,Yes,Failed,Incomplete,Flagged,No,Rate mismatch,AUD80956,113.2,JPY,225.4,JPY,117.19,USD,72.16,JPY,2596.62,8271.88,Pending,FX_FIN_03,Approved,5/28/2025
FX0076,5/22/2025,5/24/2025,23:50:44,TDR821,Deutsche,EUR/USD,Buy,EUR,EUR,USD,1500000,13.302,Cancelled,Failed,Netting,BGC Partners,Bloomberg,Forward,53:00.1,5/22/2025 11:53,5/24/2025,Singapore,PORT3,2,No,No,RSK2716,Not required,Murex,Manual,Pending,Special,State Street,Yes,Passed,Complete,Clear,No,Missing documentation,AUD22888,622.69,USD,479.9,USD,32.88,EUR,105.86,USD,-4002.45,-7405.45,Failed,FX_FIN_03,Approved,5/25/2025
FX0077,5/13/2025,5/15/2025,7:06:46,TDR246,BNP Paribas,USD/JPY,Buy,USD,USD,JPY,1000000,33.0626,Settled,Settled,Wire,ICAP,EBS,Spot,,5/13/2025 10:53,5/15/2025,Mumbai,PORT3,2,Yes,Yes,RSK8602,Required,Calypso,Email,Confirmed,Standard,JP Morgan,No,Failed,Pending,Clear,No,Late booking,AUD12618,863.24,JPY,256.4,JPY,121.36,USD,65.63,JPY,-245.87,2347.48,Pending,FX_TRD_02,Approved,5/16/2025
FX0078,5/13/2025,5/17/2025,7:16:35,TDR175,HSBC,EUR/USD,Buy,EUR,EUR,USD,1500000,77.7073,Settled,Pending,Wire,BGC Partners,EBS,Forward,53:00.1,5/13/2025 13:53,5/17/2025,Singapore,PORT5,1,No,Yes,RSK5756,Required,Summit,Manual,Disputed,Special,State Street,Yes,Pending,Complete,Flagged,Yes,Late booking,AUD99552,874.18,USD,338.43,USD,81.52,EUR,75.98,USD,-4103.51,-4966.63,Pending,FX_TRD_02,Approved,5/16/2025
FX0079,5/14/2025,5/17/2025,19:14:25,TDR654,Citi,AUD/USD,Buy,AUD,AUD,USD,500000,43.2461,Booked,Settled,CLS,Tullett Prebon,Reuters,Spot,,5/14/2025 10:53,5/17/2025,Mumbai,PORT3,3,No,Yes,RSK9997,Not required,Calypso,Electronic,Pending,Special,HSBC Custody,Yes,Pending,Incomplete,Flagged,Yes,Rate mismatch,AUD81487,910.77,USD,74.54,USD,145.26,AUD,90.7,USD,2067.81,568.47,Failed,FX_TRD_02,Rejected,5/17/2025
FX0080,5/30/2025,6/1/2025,2:34:52,TDR826,Deutsche,USD/CHF,Buy,USD,USD,CHF,2000000,142.01,Cancelled,Settled,Wire,ICAP,Reuters,Forward,53:00.1,5/30/2025 14:53,6/1/2025,Mumbai,PORT4,3,Yes,Yes,RSK7699,Required,Summit,Email,Confirmed,Standard,State Street,Yes,Pending,Complete,Pending Review,Yes,Missing documentation,AUD14918,614.58,CHF,252.6,CHF,66.15,USD,99.38,CHF,2098.03,-2708.46,Failed,FX_FIN_03,Under Review,6/1/2025
FX0081,5/9/2025,5/13/2025,14:50:05,TDR323,BNP Paribas,GBP/USD,Sell,USD,GBP,USD,1500000,57.0562,Confirmed,Settled,Wire,ICAP,Bloomberg,Spot,,5/9/2025 13:53,5/13/2025,New York,PORT5,3,No,Yes,RSK6851,Filed,Summit,Email,Pending,Standard,BNY Mellon,No,Passed,Pending,Flagged,Yes,Missing documentation,AUD54353,333.49,USD,444.54,USD,130.68,GBP,32.66,USD,-4207.45,926.11,Pending,FX_TRD_02,Under Review,5/11/2025
FX0082,5/30/2025,6/2/2025,11:17:16,TDR303,JPMorgan,EUR/USD,Sell,USD,EUR,USD,2000000,133.9628,Settled,Settled,Wire,BGC Partners,360T,Forward,53:00.1,5/30/2025 11:53,6/2/2025,New York,PORT4,3,Yes,Yes,RSK6068,Not required,Custom,Email,Confirmed,Urgent,JP Morgan,No,Passed,Complete,Clear,Yes,Counterparty mismatch,AUD29337,186.04,USD,251.71,USD,31.52,EUR,149.52,USD,-4882.43,2593.27,Pending,FX_TRD_02,Rejected,5/31/2025
FX0083,5/11/2025,5/16/2025,13:52:52,TDR581,Deutsche,USD/CHF,Buy,USD,USD,CHF,500000,103.1647,Cancelled,Settled,Wire,BGC Partners,Reuters,Forward,53:00.1,5/11/2025 12:53,5/16/2025,New York,PORT2,1,No,No,RSK2614,Not required,Murex,Manual,Pending,Standard,JP Morgan,Yes,Pending,Complete,Clear,Yes,,AUD27054,578.78,CHF,258.52,CHF,56.36,USD,113.65,CHF,3399.73,1448.15,Failed,FX_OPS_01,Under Review,5/12/2025
FX0084,5/15/2025,5/20/2025,4:39:34,TDR349,Citi,USD/CHF,Buy,USD,USD,CHF,500000,157.7341,Confirmed,Settled,Netting,BGC Partners,360T,Forward,53:00.1,5/15/2025 12:53,5/20/2025,Singapore,PORT5,3,No,No,RSK9080,Required,Summit,Manual,Confirmed,Urgent,JP Morgan,Yes,Failed,Incomplete,Pending Review,No,Rate mismatch,AUD41566,350.57,CHF,409.1,CHF,140.26,USD,122.74,CHF,-4973.09,-8170.06,Pending,FX_TRD_02,Rejected,5/16/2025
FX0085,5/9/2025,5/10/2025,5:09:29,TDR325,JPMorgan,USD/JPY,Buy,USD,USD,JPY,1500000,11.0045,Cancelled,Failed,CLS,BGC Partners,Reuters,Forward,53:00.1,5/9/2025 12:53,5/10/2025,New York,PORT2,2,Yes,Yes,RSK8199,Required,Calypso,Electronic,Pending,Urgent,BNY Mellon,Yes,Failed,Pending,Clear,Yes,Late booking,AUD55079,556.88,JPY,185.22,JPY,182.57,USD,138.41,JPY,-2561.58,-9257.61,Failed,FX_FIN_03,Rejected,5/10/2025
FX0086,5/13/2025,5/18/2025,17:37:51,TDR867,HSBC,USD/CHF,Sell,CHF,USD,CHF,1500000,29.4277,Cancelled,Settled,CLS,ICAP,Reuters,Spot,,5/13/2025 12:53,5/18/2025,New York,PORT5,2,Yes,Yes,RSK9068,Required,Murex,Manual,Confirmed,Special,JP Morgan,No,Passed,Pending,Clear,Yes,,AUD73127,839.47,CHF,318.25,CHF,150.97,USD,37.83,CHF,-1611.23,-340.84,Failed,FX_TRD_02,Under Review,5/14/2025
FX0087,5/31/2025,6/3/2025,14:53:12,TDR769,BNP Paribas,USD/JPY,Buy,USD,USD,JPY,2000000,88.2519,Settled,Settled,CLS,ICAP,Reuters,Forward,53:00.1,5/31/2025 10:53,6/3/2025,Singapore,PORT4,1,No,No,RSK6929,Required,Summit,Manual,Disputed,Urgent,BNY Mellon,No,Failed,Complete,Flagged,Yes,,AUD89519,288.8,JPY,296.81,JPY,49.25,USD,76.87,JPY,626.28,-624.29,Pending,FX_FIN_03,Under Review,6/2/2025
FX0088,5/20/2025,5/23/2025,1:56:08,TDR437,Deutsche,EUR/USD,Buy,EUR,EUR,USD,1000000,70.2858,Settled,Settled,Wire,ICAP,360T,Forward,53:00.1,5/20/2025 14:53,5/23/2025,Singapore,PORT2,3,Yes,No,RSK1652,Required,Calypso,SWIFT,Confirmed,Urgent,State Street,Yes,Pending,Incomplete,Pending Review,No,Counterparty mismatch,AUD75510,200,USD,287.2,USD,169.05,EUR,21.63,USD,-142.75,-5347.18,Failed,FX_FIN_03,Approved,5/21/2025
FX0089,5/31/2025,6/2/2025,5:29:11,TDR401,Deutsche,USD/JPY,Buy,USD,USD,JPY,1000000,73.4759,Settled,Failed,Wire,Tullett Prebon,360T,Swap,53:00.1,5/31/2025 10:53,6/2/2025,London,PORT5,1,Yes,Yes,RSK1454,Filed,Calypso,Email,Pending,Urgent,BNY Mellon,Yes,Pending,Complete,Flagged,No,Late booking,AUD28697,487.05,JPY,358.78,JPY,130.8,USD,103.51,JPY,-4881.86,-6141.36,Failed,FX_TRD_02,Under Review,6/1/2025
FX0090,6/3/2025,6/6/2025,0:51:08,TDR867,Deutsche,USD/JPY,Sell,JPY,USD,JPY,500000,65.0008,Confirmed,Pending,Wire,Tullett Prebon,360T,Swap,53:00.1,6/3/2025 12:53,6/6/2025,London,PORT1,3,No,No,RSK4124,Not required,Calypso,Electronic,Pending,Standard,State Street,Yes,Pending,Pending,Pending Review,No,Rate mismatch,AUD85114,878.84,JPY,367.66,JPY,34.59,USD,62.79,JPY,4168.36,3360.49,Failed,FX_TRD_02,Under Review,6/6/2025
FX0091,6/2/2025,6/4/2025,9:45:27,TDR823,Citi,EUR/USD,Sell,USD,EUR,USD,2000000,141.3646,Confirmed,Failed,Netting,Tullett Prebon,EBS,Swap,53:00.1,6/2/2025 14:53,6/4/2025,London,PORT2,2,Yes,No,RSK4660,Filed,Murex,SWIFT,Pending,Urgent,HSBC Custody,No,Passed,Pending,Flagged,No,Missing documentation,AUD46387,281.66,USD,102.36,USD,171.05,EUR,125.59,USD,-1067.58,6456.47,Pending,FX_TRD_02,Rejected,6/5/2025
FX0092,5/10/2025,5/13/2025,11:11:28,TDR274,Citi,AUD/USD,Sell,USD,AUD,USD,2000000,15.5694,Confirmed,Pending,Netting,ICAP,EBS,Spot,,5/10/2025 11:53,5/13/2025,London,PORT3,1,No,Yes,RSK9520,Required,Summit,Email,Confirmed,Standard,BNY Mellon,Yes,Passed,Pending,Clear,Yes,Counterparty mismatch,AUD50067,232.8,USD,338.85,USD,126.37,AUD,35.11,USD,-557.01,-4925.92,Allocated,FX_OPS_01,Rejected,5/11/2025
FX0093,5/24/2025,5/26/2025,3:36:40,TDR527,BNP Paribas,USD/JPY,Sell,JPY,USD,JPY,500000,38.6375,Confirmed,Pending,CLS,ICAP,Reuters,Forward,53:00.1,5/24/2025 14:53,5/26/2025,Mumbai,PORT5,2,No,Yes,RSK2847,Not required,Summit,Manual,Confirmed,Standard,State Street,Yes,Failed,Incomplete,Pending Review,No,Counterparty mismatch,AUD41856,896.47,JPY,330.52,JPY,112.07,USD,128.96,JPY,30.33,-4815.17,Allocated,FX_OPS_01,Under Review,5/27/2025
FX0094,5/28/2025,5/29/2025,0:12:35,TDR990,Citi,GBP/USD,Sell,USD,GBP,USD,1500000,130.4619,Confirmed,Settled,Netting,ICAP,Bloomberg,Swap,53:00.1,5/28/2025 11:53,5/29/2025,Mumbai,PORT2,3,Yes,No,RSK5731,Required,Summit,SWIFT,Pending,Urgent,HSBC Custody,Yes,Pending,Complete,Clear,Yes,Counterparty mismatch,AUD77414,425.82,USD,385.64,USD,161.37,GBP,38.43,USD,4390.4,6102.47,Allocated,FX_TRD_02,Approved,5/29/2025
FX0095,6/7/2025,6/11/2025,23:52:47,TDR222,Citi,USD/INR,Sell,INR,USD,INR,2000000,112.1645,Cancelled,Failed,Netting,ICAP,360T,Swap,53:00.1,6/7/2025 12:53,6/11/2025,New York,PORT5,1,Yes,No,RSK9835,Required,Summit,SWIFT,Disputed,Special,BNY Mellon,No,Failed,Pending,Pending Review,Yes,Late booking,AUD40296,639.9,INR,483.38,INR,58.4,USD,57.46,INR,-1111.86,-4189.72,Allocated,FX_TRD_02,Under Review,6/10/2025
FX0096,6/5/2025,6/9/2025,1:11:57,TDR839,HSBC,USD/CHF,Buy,USD,USD,CHF,1500000,75.7905,Cancelled,Failed,CLS,BGC Partners,Bloomberg,Forward,53:00.1,6/5/2025 10:53,6/9/2025,London,PORT1,2,Yes,No,RSK7918,Not required,Calypso,Email,Pending,Urgent,JP Morgan,Yes,Passed,Complete,Pending Review,No,Missing documentation,AUD45870,558.39,CHF,75.01,CHF,98.73,USD,48.43,CHF,-3808.12,-8555.8,Pending,FX_OPS_01,Approved,6/8/2025
FX0097,5/16/2025,5/18/2025,21:32:32,TDR228,BNP Paribas,GBP/USD,Buy,GBP,GBP,USD,2000000,150.5115,Cancelled,Failed,Wire,Tullett Prebon,360T,Swap,53:00.1,5/16/2025 13:53,5/18/2025,Singapore,PORT1,1,Yes,No,RSK6622,Required,Custom,Email,Disputed,Special,HSBC Custody,No,Pending,Pending,Flagged,Yes,Late booking,AUD38733,392.3,USD,493.7,USD,183.09,GBP,43.88,USD,-248.73,-9443.22,Pending,FX_OPS_01,Under Review,5/17/2025
FX0098,6/7/2025,6/9/2025,21:19:05,TDR556,JPMorgan,EUR/USD,Buy,EUR,EUR,USD,2000000,10.592,Cancelled,Settled,Netting,ICAP,Bloomberg,Forward,53:00.1,6/7/2025 12:53,6/9/2025,London,PORT4,2,No,Yes,RSK8488,Required,Summit,Email,Disputed,Urgent,State Street,Yes,Passed,Pending,Pending Review,No,,AUD17094,301.45,USD,479.07,USD,199.57,EUR,90.04,USD,1523.88,-2188.64,Allocated,FX_FIN_03,Under Review,6/10/2025
FX0099,5/27/2025,5/30/2025,14:34:55,TDR209,BNP Paribas,USD/JPY,Buy,USD,USD,JPY,500000,92.9767,Settled,Failed,CLS,BGC Partners,EBS,Spot,,5/27/2025 12:53,5/30/2025,Mumbai,PORT3,2,Yes,No,RSK3774,Required,Murex,Email,Pending,Standard,JP Morgan,No,Failed,Complete,Flagged,Yes,Counterparty mismatch,AUD33322,119.64,JPY,303.52,JPY,110.16,USD,113.77,JPY,-4947.91,-4407.34,Pending,FX_FIN_03,Under Review,5/28/2025
FX0100,5/23/2025,5/25/2025,13:55:40,TDR489,HSBC,AUD/USD,Sell,USD,AUD,USD,1000000,109.1123,Settled,Settled,Netting,ICAP,EBS,Forward,53:00.1,5/23/2025 12:53,5/25/2025,New York,PORT4,3,No,No,RSK3650,Not required,Murex,Manual,Pending,Special,BNY Mellon,No,Passed,Complete,Pending Review,Yes,Counterparty mismatch,AUD95084,840.23,USD,488.65,USD,92.73,AUD,50.38,USD,-4894.43,-5282.09,Allocated,FX_TRD_02,Under Review,5/24/2025
FX0101,5/25/2025,5/26/2025,21:28:41,TDR665,Deutsche,GBP/USD,Sell,USD,GBP,USD,1500000,15.8097,Confirmed,Failed,Wire,Tullett Prebon,Bloomberg,Forward,53:00.1,5/25/2025 13:53,5/26/2025,New York,PORT4,3,No,Yes,RSK4199,Filed,Custom,Electronic,Disputed,Standard,State Street,No,Pending,Complete,Pending Review,No,,AUD33340,760.85,USD,232.5,USD,41.55,GBP,141.26,USD,4873.93,1858.99,Allocated,FX_FIN_03,Approved,5/27/2025
FX0102,6/8/2025,6/10/2025,13:17:31,TDR105,HSBC,AUD/USD,Sell,USD,AUD,USD,2000000,154.8739,Settled,Settled,Wire,Tullett Prebon,EBS,Spot,,6/8/2025 14:53,6/10/2025,London,PORT2,3,Yes,No,RSK9575,Not required,Calypso,Electronic,Pending,Standard,HSBC Custody,No,Pending,Incomplete,Clear,No,,AUD87210,159.22,USD,405.23,USD,82.15,AUD,140.79,USD,-2317.07,-1249.98,Failed,FX_FIN_03,Under Review,6/11/2025
FX0103,6/8/2025,6/10/2025,16:58:36,TDR350,HSBC,AUD/USD,Buy,AUD,AUD,USD,2000000,117.0494,Settled,Failed,Netting,ICAP,Reuters,Forward,53:00.1,6/8/2025 14:53,6/10/2025,Singapore,PORT3,1,Yes,No,RSK2415,Required,Murex,Electronic,Disputed,Special,JP Morgan,No,Pending,Pending,Pending Review,No,Counterparty mismatch,AUD61540,914.32,USD,153.33,USD,66.65,AUD,63.83,USD,1658.93,9814.82,Allocated,FX_FIN_03,Under Review,6/11/2025
FX0104,5/11/2025,5/13/2025,21:32:51,TDR432,BNP Paribas,EUR/USD,Buy,EUR,EUR,USD,500000,4.25,Booked,Failed,Netting,ICAP,EBS,Forward,53:00.1,5/11/2025 11:53,5/13/2025,London,PORT5,2,No,Yes,RSK6316,Required,Calypso,Electronic,Disputed,Urgent,BNY Mellon,Yes,Pending,Complete,Pending Review,No,Rate mismatch,AUD81806,152.64,USD,336.91,USD,129.68,EUR,14.89,USD,-713.77,-314.74,Allocated,FX_TRD_02,Approved,5/12/2025
FX0105,5/20/2025,5/22/2025,14:38:08,TDR814,Citi,AUD/USD,Buy,AUD,AUD,USD,1500000,129.3169,Settled,Settled,CLS,ICAP,360T,Spot,,5/20/2025 10:53,5/22/2025,New York,PORT3,1,No,Yes,RSK5654,Filed,Custom,Electronic,Disputed,Special,HSBC Custody,No,Failed,Complete,Clear,No,Rate mismatch,AUD99662,350.82,USD,460.82,USD,128.62,AUD,143.14,USD,-651.78,3874.54,Failed,FX_OPS_01,Rejected,5/22/2025
FX0106,5/19/2025,5/24/2025,5:45:08,TDR865,BNP Paribas,EUR/USD,Buy,EUR,EUR,USD,2000000,53.3988,Cancelled,Failed,Wire,ICAP,EBS,Forward,53:00.1,5/19/2025 10:53,5/24/2025,New York,PORT4,3,Yes,No,RSK2007,Required,Murex,SWIFT,Disputed,Urgent,HSBC Custody,Yes,Failed,Incomplete,Pending Review,No,,AUD66967,617.54,USD,370.55,USD,96.9,EUR,86.9,USD,4799.01,9284.2,Allocated,FX_TRD_02,Under Review,5/21/2025
FX0107,5/30/2025,6/1/2025,16:03:28,TDR828,JPMorgan,EUR/USD,Sell,USD,EUR,USD,1000000,90.8715,Cancelled,Pending,Wire,Tullett Prebon,Bloomberg,Forward,53:00.1,5/30/2025 14:53,6/1/2025,Singapore,PORT5,1,Yes,Yes,RSK7673,Not required,Calypso,Email,Disputed,Special,BNY Mellon,Yes,Passed,Complete,Clear,Yes,,AUD42498,232.73,USD,294.1,USD,148.15,EUR,77.04,USD,1708.63,-499.71,Allocated,FX_TRD_02,Approved,6/1/2025
FX0108,5/15/2025,5/20/2025,23:34:55,TDR462,HSBC,USD/CHF,Sell,CHF,USD,CHF,500000,72.0339,Cancelled,Pending,CLS,ICAP,EBS,Swap,53:00.1,5/15/2025 11:53,5/20/2025,London,PORT5,3,Yes,Yes,RSK6685,Filed,Summit,Email,Confirmed,Urgent,BNY Mellon,Yes,Failed,Pending,Clear,No,Counterparty mismatch,AUD15600,123.11,CHF,126.31,CHF,102.11,USD,106.42,CHF,4378.99,590.91,Pending,FX_FIN_03,Under Review,5/16/2025
FX0109,5/10/2025,5/14/2025,2:56:11,TDR923,Citi,USD/INR,Buy,USD,USD,INR,500000,115.6473,Cancelled,Settled,Wire,ICAP,Reuters,Spot,,5/10/2025 11:53,5/14/2025,London,PORT5,3,No,No,RSK3486,Filed,Summit,SWIFT,Confirmed,Standard,State Street,No,Failed,Complete,Flagged,Yes,Rate mismatch,AUD48532,846.31,INR,126.85,INR,191.52,USD,26.47,INR,-4829.2,2918.1,Allocated,FX_TRD_02,Rejected,5/13/2025
FX0110,5/25/2025,5/26/2025,15:16:10,TDR424,HSBC,GBP/USD,Buy,GBP,GBP,USD,1000000,149.9539,Confirmed,Failed,CLS,BGC Partners,360T,Swap,53:00.1,5/25/2025 14:53,5/26/2025,London,PORT2,1,Yes,No,RSK3198,Required,Custom,Email,Disputed,Standard,State Street,Yes,Pending,Complete,Flagged,No,Missing documentation,AUD32215,594.33,USD,418.4,USD,100,GBP,97.51,USD,-209.14,2035.7,Pending,FX_TRD_02,Under Review,5/27/2025
FX0111,5/28/2025,5/29/2025,15:24:16,TDR847,JPMorgan,EUR/USD,Sell,USD,EUR,USD,1500000,77.6377,Confirmed,Settled,Wire,BGC Partners,Bloomberg,Forward,53:00.1,5/28/2025 10:53,5/29/2025,New York,PORT4,2,No,Yes,RSK7419,Required,Summit,Manual,Confirmed,Special,JP Morgan,No,Failed,Complete,Clear,Yes,Missing documentation,AUD22274,331.1,USD,493.32,USD,109.1,EUR,93.88,USD,-4966.39,3272.02,Pending,FX_FIN_03,Rejected,5/29/2025
FX0112,6/7/2025,6/11/2025,12:48:35,TDR160,JPMorgan,USD/INR,Sell,INR,USD,INR,1000000,63.4492,Booked,Failed,CLS,Tullett Prebon,Bloomberg,Spot,,6/7/2025 12:53,6/11/2025,Mumbai,PORT4,3,No,No,RSK4300,Not required,Summit,Manual,Pending,Special,BNY Mellon,Yes,Pending,Complete,Flagged,No,Late booking,AUD57467,897.64,INR,391.38,INR,26.07,USD,50.79,INR,-569.06,-6450.7,Pending,FX_FIN_03,Under Review,6/9/2025
FX0113,6/5/2025,6/9/2025,9:34:44,TDR959,BNP Paribas,USD/INR,Buy,USD,USD,INR,1000000,61.9766,Confirmed,Failed,Netting,Tullett Prebon,360T,Spot,,6/5/2025 13:53,6/9/2025,Singapore,PORT3,3,No,Yes,RSK3146,Not required,Murex,Electronic,Disputed,Special,BNY Mellon,No,Failed,Complete,Pending Review,Yes,Counterparty mismatch,AUD19915,432.58,INR,70.36,INR,189.8,USD,88.5,INR,-4728.85,-4577,Allocated,FX_OPS_01,Under Review,6/7/2025
FX0114,5/26/2025,5/27/2025,18:20:01,TDR366,Citi,USD/CHF,Buy,USD,USD,CHF,1000000,61.9642,Confirmed,Pending,Netting,BGC Partners,Reuters,Swap,53:00.1,5/26/2025 11:53,5/27/2025,Singapore,PORT4,2,Yes,Yes,RSK1721,Not required,Calypso,Manual,Confirmed,Special,JP Morgan,Yes,Pending,Incomplete,Pending Review,Yes,Rate mismatch,AUD40725,123.5,CHF,119.76,CHF,145.22,USD,146.18,CHF,334.09,-758.8,Pending,FX_FIN_03,Rejected,5/29/2025
FX0115,5/30/2025,5/31/2025,11:44:10,TDR612,JPMorgan,GBP/USD,Buy,GBP,GBP,USD,500000,153.5006,Confirmed,Failed,Wire,Tullett Prebon,360T,Spot,,5/30/2025 11:53,5/31/2025,Singapore,PORT2,3,No,Yes,RSK7092,Required,Calypso,Electronic,Pending,Standard,BNY Mellon,Yes,Failed,Complete,Flagged,Yes,Rate mismatch,AUD85449,161.96,USD,348.34,USD,103.06,GBP,90.08,USD,-652,1722.37,Pending,FX_FIN_03,Rejected,6/2/2025
FX0116,5/22/2025,5/23/2025,2:29:03,TDR162,Citi,GBP/USD,Buy,GBP,GBP,USD,1000000,119.7009,Cancelled,Settled,CLS,ICAP,360T,Swap,53:00.1,5/22/2025 14:53,5/23/2025,Singapore,PORT5,2,Yes,Yes,RSK8476,Filed,Summit,Manual,Confirmed,Urgent,HSBC Custody,Yes,Failed,Complete,Flagged,No,Missing documentation,AUD40641,950.7,USD,252.99,USD,189.45,GBP,149.46,USD,-4369.04,3335.47,Failed,FX_TRD_02,Rejected,5/23/2025
FX0117,5/22/2025,5/23/2025,23:49:47,TDR312,Deutsche,USD/CHF,Buy,USD,USD,CHF,2000000,33.7548,Confirmed,Failed,CLS,ICAP,EBS,Spot,,5/22/2025 14:53,5/23/2025,Singapore,PORT1,3,No,No,RSK4457,Not required,Summit,Email,Pending,Urgent,BNY Mellon,Yes,Failed,Incomplete,Pending Review,Yes,Missing documentation,AUD86432,921.73,CHF,132.34,CHF,170.78,USD,88.96,CHF,-2016.14,-2804.12,Failed,FX_OPS_01,Under Review,5/24/2025
FX0118,6/1/2025,6/5/2025,17:34:23,TDR154,HSBC,GBP/USD,Sell,USD,GBP,USD,1000000,62.2202,Settled,Pending,Netting,ICAP,Reuters,Forward,53:00.1,6/1/2025 14:53,6/5/2025,New York,PORT3,1,No,No,RSK6465,Not required,Summit,Manual,Pending,Special,HSBC Custody,Yes,Passed,Incomplete,Clear,Yes,,AUD91552,956.4,USD,466.7,USD,43.11,GBP,133.22,USD,-3469.51,3156.59,Allocated,FX_FIN_03,Approved,6/3/2025
FX0119,5/19/2025,5/22/2025,17:09:02,TDR966,Deutsche,EUR/USD,Buy,EUR,EUR,USD,500000,135.1751,Booked,Pending,Netting,Tullett Prebon,Bloomberg,Spot,,5/19/2025 14:53,5/22/2025,Mumbai,PORT4,2,Yes,Yes,RSK9773,Not required,Murex,Manual,Disputed,Standard,State Street,No,Passed,Incomplete,Clear,Yes,Rate mismatch,AUD90377,808.67,USD,452.63,USD,145.88,EUR,109.67,USD,692.48,3299.48,Failed,FX_FIN_03,Under Review,5/22/2025
FX0120,5/28/2025,6/1/2025,11:39:49,TDR869,HSBC,USD/INR,Buy,USD,USD,INR,1000000,89.0599,Settled,Pending,Wire,BGC Partners,EBS,Spot,,5/28/2025 12:53,6/1/2025,Singapore,PORT1,1,No,Yes,RSK6372,Not required,Summit,Email,Confirmed,Urgent,HSBC Custody,No,Pending,Complete,Pending Review,Yes,,AUD91903,239.82,INR,327.82,INR,189.99,USD,141.21,INR,3471.29,5018.74,Failed,FX_OPS_01,Under Review,5/29/2025
FX0121,5/12/2025,5/16/2025,16:55:23,TDR245,JPMorgan,GBP/USD,Buy,GBP,GBP,USD,2000000,114.5438,Booked,Pending,CLS,BGC Partners,Reuters,Swap,53:00.1,5/12/2025 14:53,5/16/2025,New York,PORT3,3,No,Yes,RSK8314,Filed,Summit,SWIFT,Pending,Standard,State Street,No,Pending,Complete,Clear,No,Rate mismatch,AUD30643,218.27,USD,482.44,USD,175.52,GBP,72.17,USD,4458.74,9068.05,Pending,FX_TRD_02,Under Review,5/13/2025
FX0122,6/2/2025,6/3/2025,18:26:10,TDR990,BNP Paribas,USD/CHF,Sell,CHF,USD,CHF,500000,84.2645,Cancelled,Failed,Netting,ICAP,360T,Swap,53:00.1,6/2/2025 13:53,6/3/2025,New York,PORT5,2,No,Yes,RSK7450,Required,Calypso,Email,Disputed,Special,HSBC Custody,No,Passed,Complete,Pending Review,Yes,Late booking,AUD42224,231.11,CHF,103.25,CHF,66.73,USD,60.73,CHF,3076.1,-6573.72,Allocated,FX_OPS_01,Approved,6/5/2025
FX0123,6/7/2025,6/8/2025,13:28:54,TDR578,JPMorgan,AUD/USD,Sell,USD,AUD,USD,2000000,48.02,Booked,Pending,Wire,ICAP,Bloomberg,Forward,53:00.1,6/7/2025 13:53,6/8/2025,London,PORT2,2,Yes,No,RSK1657,Filed,Custom,Email,Disputed,Special,JP Morgan,Yes,Pending,Complete,Flagged,No,Late booking,AUD18411,836.84,USD,387.09,USD,40.84,AUD,76.51,USD,1836,-9529.88,Failed,FX_FIN_03,Rejected,6/8/2025
FX0124,5/18/2025,5/21/2025,6:44:38,TDR327,HSBC,USD/INR,Sell,INR,USD,INR,1500000,78.166,Cancelled,Settled,Netting,ICAP,Reuters,Forward,53:00.1,5/18/2025 14:53,5/21/2025,Singapore,PORT5,2,No,No,RSK5552,Filed,Summit,SWIFT,Confirmed,Urgent,HSBC Custody,Yes,Failed,Pending,Flagged,No,Missing documentation,AUD92505,536.24,INR,91.69,INR,168.19,USD,102.33,INR,3442.61,-9736.8,Allocated,FX_FIN_03,Under Review,5/21/2025
FX0125,5/16/2025,5/21/2025,21:51:18,TDR155,Deutsche,USD/JPY,Buy,USD,USD,JPY,500000,41.0827,Confirmed,Settled,Wire,BGC Partners,Reuters,Forward,53:00.1,5/16/2025 11:53,5/21/2025,Mumbai,PORT5,2,Yes,No,RSK7431,Filed,Murex,SWIFT,Disputed,Urgent,State Street,No,Pending,Incomplete,Flagged,Yes,Missing documentation,AUD60912,542.96,JPY,486.92,JPY,194.3,USD,137.03,JPY,-3857.15,-7776.77,Allocated,FX_TRD_02,Rejected,5/18/2025
FX0126,5/27/2025,5/28/2025,11:32:53,TDR280,JPMorgan,USD/INR,Sell,INR,USD,INR,2000000,22.801,Confirmed,Settled,Netting,ICAP,Reuters,Spot,,5/27/2025 14:53,5/28/2025,New York,PORT2,2,No,Yes,RSK6170,Required,Custom,Email,Disputed,Urgent,HSBC Custody,Yes,Failed,Pending,Pending Review,No,Rate mismatch,AUD58077,679.83,INR,273.79,INR,61.55,USD,39.47,INR,4114.82,2681.3,Pending,FX_TRD_02,Rejected,5/29/2025
FX0127,5/30/2025,5/31/2025,17:32:55,TDR880,JPMorgan,AUD/USD,Sell,USD,AUD,USD,1000000,156.8115,Settled,Pending,CLS,ICAP,EBS,Spot,,5/30/2025 10:53,5/31/2025,London,PORT3,2,No,No,RSK2229,Not required,Custom,SWIFT,Disputed,Special,JP Morgan,No,Failed,Complete,Pending Review,Yes,Rate mismatch,AUD90549,600.83,USD,107.98,USD,68.11,AUD,58.99,USD,-2590.68,3035.15,Failed,FX_FIN_03,Approved,6/1/2025
FX0128,6/7/2025,6/9/2025,19:27:32,TDR472,JPMorgan,USD/JPY,Sell,JPY,USD,JPY,500000,154.1164,Cancelled,Failed,Wire,Tullett Prebon,Reuters,Swap,53:00.1,6/7/2025 10:53,6/9/2025,London,PORT3,2,No,No,RSK3497,Not required,Murex,Email,Pending,Special,BNY Mellon,Yes,Failed,Complete,Flagged,Yes,Missing documentation,AUD16143,726.98,JPY,92.81,JPY,47.12,USD,11.63,JPY,-2634.66,9623.08,Pending,FX_FIN_03,Under Review,6/8/2025
FX0129,5/25/2025,5/27/2025,23:37:33,TDR535,Deutsche,EUR/USD,Sell,USD,EUR,USD,2000000,26.6672,Booked,Settled,CLS,BGC Partners,360T,Swap,53:00.1,5/25/2025 14:53,5/27/2025,Singapore,PORT1,3,No,No,RSK3012,Required,Summit,SWIFT,Disputed,Urgent,JP Morgan,Yes,Passed,Pending,Clear,Yes,Counterparty mismatch,AUD30012,160.26,USD,499.41,USD,106.92,EUR,41,USD,-3534.57,-1323.24,Failed,FX_FIN_03,Under Review,5/28/2025
FX0130,5/29/2025,6/2/2025,0:43:48,TDR681,Deutsche,AUD/USD,Buy,AUD,AUD,USD,500000,104.5671,Cancelled,Failed,Wire,ICAP,Reuters,Forward,53:00.1,5/29/2025 11:53,6/2/2025,New York,PORT2,1,Yes,Yes,RSK8641,Required,Summit,Email,Pending,Special,BNY Mellon,No,Failed,Pending,Clear,No,Counterparty mismatch,AUD91779,346.62,USD,195.1,USD,37.67,AUD,74.82,USD,-1457.55,-122.21,Pending,FX_TRD_02,Rejected,5/31/2025
FX0131,5/13/2025,5/14/2025,11:37:31,TDR854,BNP Paribas,USD/INR,Buy,USD,USD,INR,500000,28.3512,Cancelled,Settled,CLS,ICAP,Reuters,Swap,53:00.1,5/13/2025 13:53,5/14/2025,London,PORT5,1,No,Yes,RSK8664,Filed,Summit,Electronic,Confirmed,Standard,HSBC Custody,No,Passed,Pending,Flagged,Yes,Late booking,AUD55649,863.09,INR,305.17,INR,78.79,USD,27.02,INR,-4446.37,1677.48,Failed,FX_TRD_02,Under Review,5/15/2025
FX0132,6/3/2025,6/4/2025,10:06:36,TDR885,HSBC,AUD/USD,Sell,USD,AUD,USD,500000,150.0007,Booked,Pending,Wire,BGC Partners,Bloomberg,Forward,53:00.1,6/3/2025 14:53,6/4/2025,Mumbai,PORT2,2,No,Yes,RSK3966,Filed,Custom,SWIFT,Pending,Urgent,JP Morgan,Yes,Pending,Complete,Clear,No,Missing documentation,AUD32013,946.39,USD,420.66,USD,151.95,AUD,64.98,USD,3064.3,2575.84,Failed,FX_TRD_02,Under Review,6/4/2025
FX0133,5/20/2025,5/25/2025,5:54:08,TDR283,JPMorgan,AUD/USD,Sell,USD,AUD,USD,1500000,13.4042,Confirmed,Failed,CLS,Tullett Prebon,360T,Spot,,5/20/2025 13:53,5/25/2025,Mumbai,PORT1,2,Yes,Yes,RSK2883,Filed,Summit,SWIFT,Pending,Urgent,JP Morgan,No,Pending,Complete,Clear,No,Counterparty mismatch,AUD49299,285.09,USD,376.68,USD,155.12,AUD,71.23,USD,3514.95,7665.38,Pending,FX_TRD_02,Approved,5/22/2025
FX0134,5/9/2025,5/12/2025,10:24:25,TDR265,Citi,EUR/USD,Buy,EUR,EUR,USD,2000000,56.792,Cancelled,Failed,Wire,ICAP,EBS,Spot,,5/9/2025 10:53,5/12/2025,Singapore,PORT1,2,Yes,No,RSK9715,Filed,Summit,SWIFT,Pending,Urgent,BNY Mellon,No,Passed,Pending,Flagged,Yes,,AUD95642,819.59,USD,473.17,USD,116.99,EUR,71.1,USD,-3251.62,-1627.84,Failed,FX_FIN_03,Under Review,5/11/2025
FX0135,5/22/2025,5/27/2025,6:17:42,TDR322,BNP Paribas,EUR/USD,Buy,EUR,EUR,USD,500000,2.7272,Settled,Failed,Wire,ICAP,Bloomberg,Spot,,5/22/2025 12:53,5/27/2025,New York,PORT1,3,No,No,RSK4430,Filed,Calypso,Manual,Disputed,Standard,JP Morgan,Yes,Pending,Complete,Flagged,Yes,Missing documentation,AUD67733,604.59,USD,447.29,USD,101.24,EUR,97.91,USD,-3717.11,-7778.9,Failed,FX_FIN_03,Approved,5/24/2025
FX0136,5/31/2025,6/5/2025,16:55:20,TDR874,HSBC,AUD/USD,Sell,USD,AUD,USD,1000000,152.5682,Cancelled,Failed,Netting,Tullett Prebon,EBS,Forward,53:00.1,5/31/2025 11:53,6/5/2025,London,PORT4,1,No,Yes,RSK6292,Required,Custom,Manual,Pending,Special,BNY Mellon,No,Passed,Complete,Clear,Yes,,AUD23769,763.41,USD,468.82,USD,125.23,AUD,127.43,USD,-2023.64,-6030.4,Failed,FX_TRD_02,Approved,6/3/2025
FX0137,5/15/2025,5/16/2025,13:01:52,TDR523,Deutsche,USD/INR,Buy,USD,USD,INR,2000000,141.8269,Cancelled,Failed,Wire,Tullett Prebon,360T,Forward,53:00.1,5/15/2025 11:53,5/16/2025,New York,PORT4,2,Yes,Yes,RSK6358,Filed,Calypso,Email,Pending,Urgent,State Street,Yes,Pending,Complete,Clear,Yes,,AUD23584,348.65,INR,319.9,INR,187.34,USD,22.79,INR,4648.07,-107.73,Failed,FX_OPS_01,Approved,5/17/2025
FX0138,5/23/2025,5/24/2025,5:53:38,TDR274,Citi,USD/CHF,Sell,CHF,USD,CHF,500000,6.1401,Cancelled,Pending,Netting,ICAP,Reuters,Spot,,5/23/2025 14:53,5/24/2025,Singapore,PORT3,1,No,Yes,RSK4278,Required,Custom,SWIFT,Disputed,Special,State Street,No,Failed,Complete,Clear,No,Missing documentation,AUD96637,707.25,CHF,251.8,CHF,107.59,USD,22,CHF,604.29,5567.42,Pending,FX_FIN_03,Approved,5/26/2025
FX0139,5/13/2025,5/15/2025,0:33:39,TDR782,BNP Paribas,USD/JPY,Buy,USD,USD,JPY,500000,115.9619,Settled,Pending,CLS,BGC Partners,Reuters,Swap,53:00.1,5/13/2025 10:53,5/15/2025,Singapore,PORT3,3,Yes,No,RSK1390,Required,Custom,Email,Confirmed,Urgent,BNY Mellon,No,Pending,Complete,Clear,Yes,Rate mismatch,AUD44106,671.47,JPY,141.51,JPY,58.59,USD,52.57,JPY,-3339.77,-7393.16,Pending,FX_TRD_02,Approved,5/16/2025
FX0140,5/22/2025,5/25/2025,0:26:12,TDR900,HSBC,GBP/USD,Buy,GBP,GBP,USD,1000000,23.0587,Settled,Pending,CLS,ICAP,360T,Swap,53:00.1,5/22/2025 10:53,5/25/2025,London,PORT2,3,No,Yes,RSK1434,Not required,Murex,Email,Disputed,Special,HSBC Custody,No,Failed,Incomplete,Pending Review,No,Late booking,AUD15300,411.06,USD,60.91,USD,135.64,GBP,110.96,USD,-4935.66,-2798.89,Pending,FX_FIN_03,Rejected,5/25/2025
FX0141,5/9/2025,5/12/2025,17:13:30,TDR441,JPMorgan,AUD/USD,Buy,AUD,AUD,USD,1500000,112.3898,Cancelled,Settled,Netting,BGC Partners,Bloomberg,Spot,,5/9/2025 13:53,5/12/2025,Mumbai,PORT4,1,Yes,Yes,RSK9912,Required,Custom,Email,Disputed,Special,BNY Mellon,No,Passed,Complete,Pending Review,Yes,Missing documentation,AUD13610,765.49,USD,272.8,USD,48.61,AUD,79.09,USD,-1501.39,-1399.27,Pending,FX_FIN_03,Under Review,5/12/2025
FX0142,5/19/2025,5/23/2025,5:11:17,TDR579,HSBC,USD/JPY,Buy,USD,USD,JPY,1000000,94.8046,Cancelled,Pending,Netting,BGC Partners,EBS,Swap,53:00.1,5/19/2025 12:53,5/23/2025,Mumbai,PORT5,3,Yes,No,RSK5247,Not required,Murex,Electronic,Disputed,Standard,BNY Mellon,Yes,Failed,Complete,Clear,No,Missing documentation,AUD41080,263,JPY,259.29,JPY,102.41,USD,45.79,JPY,3754.35,8801.13,Failed,FX_OPS_01,Approved,5/20/2025
FX0143,5/11/2025,5/15/2025,19:09:08,TDR604,Deutsche,GBP/USD,Buy,GBP,GBP,USD,1000000,146.2608,Booked,Settled,CLS,Tullett Prebon,360T,Forward,53:00.1,5/11/2025 12:53,5/15/2025,London,PORT2,2,No,Yes,RSK2729,Not required,Custom,Email,Confirmed,Urgent,State Street,No,Failed,Complete,Pending Review,Yes,Late booking,AUD16808,229.22,USD,473.03,USD,156.06,GBP,139.16,USD,-1679.84,-1896,Pending,FX_OPS_01,Rejected,5/14/2025
FX0144,6/7/2025,6/10/2025,6:42:22,TDR613,HSBC,AUD/USD,Buy,AUD,AUD,USD,500000,54.7119,Cancelled,Settled,Netting,ICAP,Bloomberg,Forward,53:00.1,6/7/2025 12:53,6/10/2025,Singapore,PORT2,1,No,No,RSK7182,Not required,Custom,Manual,Disputed,Special,BNY Mellon,No,Passed,Complete,Flagged,Yes,Counterparty mismatch,AUD13954,687.51,USD,256.58,USD,110.38,AUD,59.4,USD,2561.59,9116.99,Allocated,FX_OPS_01,Under Review,6/9/2025
FX0145,6/4/2025,6/8/2025,8:58:26,TDR859,Deutsche,USD/INR,Buy,USD,USD,INR,1500000,117.581,Confirmed,Settled,CLS,ICAP,Bloomberg,Forward,53:00.1,6/4/2025 14:53,6/8/2025,Mumbai,PORT5,1,Yes,No,RSK7455,Filed,Summit,SWIFT,Pending,Urgent,BNY Mellon,Yes,Failed,Incomplete,Flagged,No,Rate mismatch,AUD80810,325.07,INR,229.02,INR,184.94,USD,86.28,INR,-4626.9,-2400.29,Allocated,FX_FIN_03,Under Review,6/7/2025
FX0146,5/14/2025,5/19/2025,7:58:59,TDR720,Deutsche,EUR/USD,Sell,USD,EUR,USD,1500000,3.2646,Settled,Pending,Netting,Tullett Prebon,Reuters,Swap,53:00.1,5/14/2025 10:53,5/19/2025,Mumbai,PORT5,1,No,No,RSK6305,Required,Summit,Email,Pending,Standard,State Street,Yes,Failed,Pending,Flagged,No,,AUD26285,938.89,USD,229.58,USD,142.66,EUR,127.88,USD,-4922.66,-1737.48,Failed,FX_OPS_01,Approved,5/17/2025
FX0147,6/2/2025,6/7/2025,23:01:25,TDR544,JPMorgan,EUR/USD,Sell,USD,EUR,USD,500000,93.9376,Confirmed,Settled,CLS,ICAP,360T,Spot,,6/2/2025 13:53,6/7/2025,Mumbai,PORT2,3,Yes,Yes,RSK1567,Required,Summit,Electronic,Confirmed,Standard,BNY Mellon,Yes,Pending,Pending,Clear,Yes,Rate mismatch,AUD71015,370.83,USD,309.89,USD,73.93,EUR,47.71,USD,-390.97,-9035.86,Failed,FX_TRD_02,Approved,6/5/2025
FX0148,5/27/2025,5/29/2025,9:34:54,TDR154,JPMorgan,USD/JPY,Sell,JPY,USD,JPY,1000000,22.345,Settled,Pending,Wire,ICAP,360T,Forward,53:00.1,5/27/2025 14:53,5/29/2025,New York,PORT2,2,Yes,No,RSK9135,Not required,Summit,Email,Pending,Standard,BNY Mellon,No,Pending,Complete,Flagged,Yes,Rate mismatch,AUD15463,372.94,JPY,66.35,JPY,27.92,USD,67.61,JPY,4326.29,-1056.88,Allocated,FX_TRD_02,Rejected,5/28/2025
FX0149,5/23/2025,5/27/2025,8:08:41,TDR579,JPMorgan,EUR/USD,Buy,EUR,EUR,USD,1000000,90.1078,Cancelled,Pending,Wire,ICAP,EBS,Spot,,5/23/2025 12:53,5/27/2025,London,PORT2,1,No,No,RSK4058,Filed,Custom,Manual,Pending,Urgent,State Street,No,Pending,Complete,Clear,Yes,Rate mismatch,AUD60159,500.55,USD,166.36,USD,160.35,EUR,44.52,USD,4154.22,-7053.94,Allocated,FX_TRD_02,Under Review,5/26/2025
FX0150,5/17/2025,5/22/2025,6:12:02,TDR330,BNP Paribas,AUD/USD,Buy,AUD,AUD,USD,500000,91.6885,Cancelled,Failed,CLS,BGC Partners,Reuters,Spot,,5/17/2025 12:53,5/22/2025,London,PORT3,1,No,Yes,RSK6759,Filed,Murex,Email,Confirmed,Urgent,State Street,Yes,Failed,Complete,Clear,No,,AUD41537,273.61,USD,313.68,USD,57.74,AUD,93.05,USD,-4146,-2988.17,Pending,FX_TRD_02,Approved,5/18/2025
FX0151,5/30/2025,6/2/2025,2:43:11,TDR615,Deutsche,USD/JPY,Buy,USD,USD,JPY,1000000,59.9372,Booked,Settled,Wire,Tullett Prebon,Bloomberg,Forward,53:00.1,5/30/2025 13:53,6/2/2025,New York,PORT1,1,No,No,RSK6961,Not required,Calypso,Manual,Confirmed,Urgent,State Street,Yes,Pending,Complete,Pending Review,No,,AUD82978,509.25,JPY,472.03,JPY,167.55,USD,76.26,JPY,2555.06,6672.18,Pending,FX_TRD_02,Under Review,6/2/2025
FX0152,6/6/2025,6/10/2025,4:38:50,TDR459,Citi,EUR/USD,Buy,EUR,EUR,USD,500000,146.4545,Cancelled,Pending,Wire,ICAP,Bloomberg,Swap,53:00.1,6/6/2025 12:53,6/10/2025,New York,PORT3,1,No,No,RSK4290,Required,Custom,Email,Confirmed,Standard,State Street,No,Passed,Pending,Pending Review,Yes,Missing documentation,AUD45327,149.43,USD,477.75,USD,166.92,EUR,20.13,USD,-3838.36,-7717.96,Failed,FX_OPS_01,Rejected,6/7/2025
FX0153,5/29/2025,5/30/2025,20:31:55,TDR638,HSBC,EUR/USD,Sell,USD,EUR,USD,2000000,153.8451,Cancelled,Failed,Netting,BGC Partners,360T,Swap,53:00.1,5/29/2025 11:53,5/30/2025,Singapore,PORT2,3,No,Yes,RSK3312,Required,Summit,Manual,Pending,Urgent,State Street,Yes,Failed,Incomplete,Clear,No,Counterparty mismatch,AUD30599,222.76,USD,149.8,USD,76.23,EUR,84.13,USD,2691.77,-8493.23,Allocated,FX_FIN_03,Under Review,5/31/2025
FX0154,5/24/2025,5/25/2025,18:43:30,TDR602,HSBC,GBP/USD,Sell,USD,GBP,USD,2000000,34.3805,Cancelled,Failed,Wire,ICAP,360T,Spot,,5/24/2025 12:53,5/25/2025,Mumbai,PORT2,3,No,No,RSK7413,Not required,Custom,Electronic,Confirmed,Standard,JP Morgan,No,Pending,Complete,Flagged,No,Rate mismatch,AUD62633,869.62,USD,170.65,USD,185.05,GBP,62.79,USD,-3548.16,5888.87,Allocated,FX_FIN_03,Under Review,5/26/2025
FX0155,5/31/2025,6/5/2025,1:39:42,TDR413,Citi,AUD/USD,Buy,AUD,AUD,USD,500000,64.4062,Confirmed,Pending,Wire,BGC Partners,Bloomberg,Swap,53:00.1,5/31/2025 13:53,6/5/2025,Mumbai,PORT3,3,Yes,No,RSK1592,Filed,Custom,SWIFT,Disputed,Standard,JP Morgan,No,Pending,Complete,Pending Review,No,Counterparty mismatch,AUD35737,762.24,USD,365.13,USD,190,AUD,55.54,USD,-962.67,-6398.84,Failed,FX_FIN_03,Rejected,6/1/2025
FX0156,5/12/2025,5/15/2025,20:34:21,TDR748,Citi,EUR/USD,Sell,USD,EUR,USD,500000,31.4324,Booked,Pending,Netting,BGC Partners,360T,Forward,53:00.1,5/12/2025 13:53,5/15/2025,London,PORT4,1,Yes,No,RSK5265,Not required,Custom,Email,Disputed,Standard,JP Morgan,Yes,Failed,Pending,Clear,No,Late booking,AUD15412,609.17,USD,301.67,USD,135.78,EUR,142.13,USD,-4281.6,2797.42,Failed,FX_OPS_01,Approved,5/15/2025
FX0157,5/31/2025,6/2/2025,13:39:06,TDR258,JPMorgan,USD/JPY,Buy,USD,USD,JPY,2000000,22.4604,Confirmed,Pending,CLS,Tullett Prebon,360T,Spot,,5/31/2025 11:53,6/2/2025,Mumbai,PORT5,1,No,No,RSK7693,Required,Summit,Email,Confirmed,Standard,JP Morgan,No,Passed,Complete,Clear,Yes,Rate mismatch,AUD38717,194.22,JPY,219.5,JPY,115.52,USD,47.32,JPY,3454.39,-1775.65,Pending,FX_OPS_01,Rejected,6/1/2025
FX0158,6/4/2025,6/7/2025,17:18:09,TDR409,Deutsche,AUD/USD,Sell,USD,AUD,USD,1000000,109.0013,Settled,Pending,Netting,Tullett Prebon,Bloomberg,Forward,53:00.1,6/4/2025 14:53,6/7/2025,Mumbai,PORT5,3,Yes,No,RSK8359,Filed,Murex,Manual,Disputed,Standard,HSBC Custody,Yes,Pending,Pending,Clear,No,Missing documentation,AUD78871,866.34,USD,253.23,USD,166.26,AUD,15.06,USD,833.82,-7902.75,Failed,FX_FIN_03,Approved,6/7/2025
FX0159,5/24/2025,5/29/2025,12:35:24,TDR311,Citi,USD/CHF,Buy,USD,USD,CHF,1000000,0.7049,Confirmed,Failed,CLS,ICAP,Reuters,Spot,,5/24/2025 13:53,5/29/2025,Singapore,PORT3,3,No,No,RSK6774,Filed,Summit,Email,Disputed,Urgent,BNY Mellon,No,Pending,Pending,Flagged,No,Late booking,AUD86050,848.27,CHF,345.84,CHF,91.44,USD,107.89,CHF,451.32,2060.16,Allocated,FX_TRD_02,Under Review,5/25/2025
FX0160,5/27/2025,5/31/2025,3:35:27,TDR255,BNP Paribas,USD/CHF,Buy,USD,USD,CHF,2000000,71.9369,Cancelled,Settled,CLS,Tullett Prebon,EBS,Spot,,5/27/2025 10:53,5/31/2025,New York,PORT3,2,No,No,RSK6019,Required,Calypso,SWIFT,Pending,Urgent,State Street,No,Pending,Incomplete,Flagged,No,Missing documentation,AUD87021,203.25,CHF,344.38,CHF,188.45,USD,20.94,CHF,-2355.98,1852.44,Allocated,FX_OPS_01,Under Review,5/28/2025
FX0161,5/9/2025,5/14/2025,3:38:12,TDR727,JPMorgan,USD/INR,Sell,INR,USD,INR,1500000,10.2433,Cancelled,Failed,Netting,BGC Partners,EBS,Forward,53:00.1,5/9/2025 12:53,5/14/2025,Singapore,PORT3,1,Yes,Yes,RSK3731,Required,Calypso,Electronic,Disputed,Standard,State Street,Yes,Failed,Pending,Clear,No,,AUD88048,558.11,INR,330.52,INR,72.85,USD,134.29,INR,454.97,-9811.48,Allocated,FX_TRD_02,Under Review,5/12/2025
FX0162,5/19/2025,5/23/2025,1:18:21,TDR871,Citi,USD/INR,Sell,INR,USD,INR,1500000,21.1986,Confirmed,Settled,Wire,BGC Partners,EBS,Spot,,5/19/2025 11:53,5/23/2025,London,PORT1,2,Yes,Yes,RSK5423,Not required,Calypso,SWIFT,Pending,Standard,State Street,Yes,Pending,Complete,Pending Review,Yes,Late booking,AUD16920,983.64,INR,127.36,INR,98.15,USD,58.63,INR,-4764.51,8427.17,Failed,FX_FIN_03,Rejected,5/22/2025
FX0163,5/17/2025,5/20/2025,13:21:20,TDR807,BNP Paribas,AUD/USD,Buy,AUD,AUD,USD,1500000,38.9907,Booked,Settled,CLS,ICAP,EBS,Spot,,5/17/2025 13:53,5/20/2025,London,PORT3,2,No,No,RSK2740,Filed,Custom,Email,Confirmed,Standard,State Street,No,Passed,Incomplete,Flagged,No,Counterparty mismatch,AUD86404,347.24,USD,101.05,USD,66.78,AUD,18.46,USD,-3387.69,9864.89,Allocated,FX_FIN_03,Under Review,5/18/2025
FX0164,6/5/2025,6/7/2025,20:28:09,TDR938,Deutsche,USD/JPY,Buy,USD,USD,JPY,2000000,44.7166,Settled,Failed,CLS,BGC Partners,360T,Forward,53:00.1,6/5/2025 10:53,6/7/2025,New York,PORT4,1,Yes,Yes,RSK4926,Not required,Calypso,SWIFT,Disputed,Urgent,HSBC Custody,No,Failed,Complete,Flagged,Yes,Rate mismatch,AUD51816,324.65,JPY,154.65,JPY,44.72,USD,128.2,JPY,1006.79,-1429.79,Failed,FX_TRD_02,Approved,6/6/2025
FX0165,5/31/2025,6/2/2025,9:31:17,TDR849,Citi,EUR/USD,Buy,EUR,EUR,USD,2000000,108.0384,Cancelled,Pending,CLS,BGC Partners,360T,Swap,53:00.1,5/31/2025 10:53,6/2/2025,London,PORT5,3,No,No,RSK4857,Filed,Custom,Manual,Disputed,Standard,BNY Mellon,Yes,Pending,Pending,Flagged,Yes,,AUD42443,215.39,USD,256.55,USD,174.22,EUR,23.98,USD,3493.36,-8046.83,Allocated,FX_OPS_01,Rejected,6/1/2025
FX0166,5/9/2025,5/13/2025,15:10:43,TDR914,JPMorgan,USD/INR,Sell,INR,USD,INR,500000,102.0327,Settled,Pending,Wire,Tullett Prebon,360T,Spot,,5/9/2025 11:53,5/13/2025,Mumbai,PORT3,2,Yes,No,RSK3638,Required,Calypso,SWIFT,Pending,Special,State Street,Yes,Pending,Incomplete,Flagged,No,Late booking,AUD42790,352.5,INR,209.34,INR,108.47,USD,41.67,INR,1076.16,1831.91,Failed,FX_TRD_02,Under Review,5/12/2025
FX0167,5/29/2025,5/30/2025,1:23:33,TDR652,Deutsche,EUR/USD,Sell,USD,EUR,USD,500000,71.9641,Settled,Settled,Netting,BGC Partners,EBS,Forward,53:00.1,5/29/2025 10:53,5/30/2025,New York,PORT3,1,Yes,No,RSK9627,Filed,Murex,Email,Disputed,Urgent,State Street,No,Passed,Incomplete,Clear,No,Late booking,AUD64332,727.9,USD,445.28,USD,31.38,EUR,19.44,USD,4729,4538.69,Allocated,FX_FIN_03,Approved,5/31/2025
FX0168,5/17/2025,5/20/2025,22:08:27,TDR999,Deutsche,EUR/USD,Sell,USD,EUR,USD,1500000,60.815,Booked,Failed,Wire,Tullett Prebon,Reuters,Forward,53:00.1,5/17/2025 11:53,5/20/2025,Singapore,PORT3,3,Yes,No,RSK5823,Not required,Custom,Electronic,Pending,Urgent,JP Morgan,No,Pending,Incomplete,Clear,Yes,Counterparty mismatch,AUD44916,532.99,USD,271.47,USD,50.34,EUR,45.76,USD,-1884.03,8509.78,Pending,FX_OPS_01,Approved,5/18/2025
FX0169,5/18/2025,5/23/2025,17:20:11,TDR988,Citi,USD/JPY,Buy,USD,USD,JPY,1000000,118.8315,Cancelled,Settled,CLS,BGC Partners,Reuters,Swap,53:00.1,5/18/2025 12:53,5/23/2025,New York,PORT1,2,Yes,No,RSK5725,Not required,Calypso,Electronic,Pending,Standard,HSBC Custody,Yes,Passed,Incomplete,Pending Review,Yes,Counterparty mismatch,AUD73777,561.17,JPY,385.13,JPY,153.55,USD,89.18,JPY,3204.37,-2992.67,Pending,FX_FIN_03,Rejected,5/20/2025
FX0170,5/30/2025,6/1/2025,10:18:41,TDR191,Deutsche,EUR/USD,Sell,USD,EUR,USD,2000000,114.1999,Cancelled,Settled,Netting,BGC Partners,EBS,Spot,,5/30/2025 12:53,6/1/2025,London,PORT2,3,No,Yes,RSK5648,Not required,Murex,SWIFT,Disputed,Urgent,JP Morgan,Yes,Passed,Complete,Pending Review,Yes,Rate mismatch,AUD71500,488.98,USD,120.45,USD,175.51,EUR,81.54,USD,-808.47,-1472.06,Failed,FX_OPS_01,Under Review,6/1/2025
FX0171,5/23/2025,5/26/2025,10:00:12,TDR941,Deutsche,USD/CHF,Buy,USD,USD,CHF,2000000,39.5601,Booked,Settled,Wire,ICAP,EBS,Swap,53:00.1,5/23/2025 13:53,5/26/2025,Singapore,PORT4,1,Yes,No,RSK6058,Required,Summit,SWIFT,Confirmed,Urgent,JP Morgan,Yes,Passed,Complete,Flagged,No,Late booking,AUD20704,828.6,CHF,328.52,CHF,108.29,USD,65.66,CHF,-1889.91,-6532.54,Failed,FX_FIN_03,Under Review,5/25/2025
FX0172,5/23/2025,5/25/2025,10:36:31,TDR749,BNP Paribas,EUR/USD,Sell,USD,EUR,USD,1000000,101.9242,Confirmed,Failed,Netting,ICAP,EBS,Swap,53:00.1,5/23/2025 13:53,5/25/2025,Singapore,PORT4,2,No,Yes,RSK9531,Not required,Murex,Email,Pending,Standard,State Street,No,Passed,Pending,Flagged,Yes,Rate mismatch,AUD65411,308.4,USD,488.7,USD,135.32,EUR,85.77,USD,-2235.24,-4594.67,Failed,FX_FIN_03,Rejected,5/26/2025
FX0173,6/1/2025,6/3/2025,16:47:06,TDR639,JPMorgan,GBP/USD,Sell,USD,GBP,USD,1000000,21.805,Booked,Pending,Netting,Tullett Prebon,Reuters,Spot,,6/1/2025 13:53,6/3/2025,Singapore,PORT4,3,Yes,Yes,RSK1169,Required,Custom,Email,Confirmed,Urgent,BNY Mellon,Yes,Failed,Pending,Flagged,Yes,Missing documentation,AUD38978,924.57,USD,124.87,USD,121.4,GBP,145.54,USD,-2962.32,7922.14,Allocated,FX_OPS_01,Under Review,6/3/2025
FX0174,5/27/2025,5/31/2025,19:30:09,TDR546,BNP Paribas,USD/CHF,Buy,USD,USD,CHF,500000,25.6302,Cancelled,Pending,CLS,Tullett Prebon,Reuters,Spot,,5/27/2025 14:53,5/31/2025,New York,PORT1,1,Yes,No,RSK4056,Filed,Summit,SWIFT,Pending,Urgent,JP Morgan,No,Failed,Complete,Pending Review,No,Counterparty mismatch,AUD13510,561.97,CHF,490.84,CHF,70.38,USD,111.67,CHF,-2231.18,-8856.51,Pending,FX_FIN_03,Approved,5/28/2025
FX0175,5/12/2025,5/13/2025,6:47:10,TDR509,Citi,AUD/USD,Buy,AUD,AUD,USD,1000000,138.2037,Settled,Settled,Wire,Tullett Prebon,Reuters,Swap,53:00.1,5/12/2025 13:53,5/13/2025,Mumbai,PORT5,2,Yes,No,RSK2551,Required,Murex,Email,Disputed,Urgent,State Street,Yes,Passed,Pending,Clear,Yes,Counterparty mismatch,AUD13115,840.96,USD,94.23,USD,172.52,AUD,56.53,USD,4840.43,-6630.25,Failed,FX_FIN_03,Approved,5/13/2025
FX0176,5/15/2025,5/16/2025,3:54:55,TDR247,Citi,GBP/USD,Buy,GBP,GBP,USD,2000000,130.9322,Booked,Failed,Netting,BGC Partners,EBS,Forward,53:00.1,5/15/2025 14:53,5/16/2025,New York,PORT5,2,Yes,Yes,RSK9421,Filed,Custom,Email,Confirmed,Standard,JP Morgan,No,Failed,Incomplete,Clear,Yes,Rate mismatch,AUD73464,531.73,USD,431.94,USD,117.09,GBP,99.07,USD,2832.62,7153.97,Failed,FX_FIN_03,Approved,5/18/2025
FX0177,5/14/2025,5/19/2025,8:32:12,TDR106,JPMorgan,AUD/USD,Buy,AUD,AUD,USD,2000000,106.0102,Confirmed,Pending,Netting,Tullett Prebon,Reuters,Spot,,5/14/2025 10:53,5/19/2025,New York,PORT2,3,Yes,No,RSK9340,Not required,Custom,Electronic,Disputed,Standard,HSBC Custody,No,Pending,Complete,Pending Review,No,Missing documentation,AUD38505,835.71,USD,402.43,USD,158.3,AUD,129.56,USD,-1901.92,-6771.37,Failed,FX_FIN_03,Under Review,5/16/2025
FX0178,5/26/2025,5/27/2025,12:56:39,TDR605,BNP Paribas,USD/INR,Buy,USD,USD,INR,500000,146.0811,Booked,Failed,Wire,BGC Partners,Bloomberg,Forward,53:00.1,5/26/2025 12:53,5/27/2025,Singapore,PORT1,1,Yes,Yes,RSK6105,Not required,Custom,Email,Disputed,Standard,State Street,Yes,Pending,Complete,Pending Review,No,Missing documentation,AUD29269,410.87,INR,353.04,INR,24.68,USD,124.57,INR,3616.67,-2161.72,Pending,FX_OPS_01,Under Review,5/27/2025
FX0179,5/31/2025,6/4/2025,21:14:40,TDR560,HSBC,USD/INR,Buy,USD,USD,INR,2000000,137.9904,Cancelled,Settled,Wire,ICAP,Reuters,Swap,53:00.1,5/31/2025 12:53,6/4/2025,Mumbai,PORT3,3,No,Yes,RSK4192,Filed,Custom,Manual,Disputed,Standard,JP Morgan,No,Passed,Pending,Flagged,No,,AUD93352,181.53,INR,464.57,INR,80.02,USD,141.13,INR,-4979.99,7384.97,Failed,FX_FIN_03,Under Review,6/3/2025
FX0180,5/29/2025,5/31/2025,10:51:26,TDR572,JPMorgan,AUD/USD,Buy,AUD,AUD,USD,2000000,53.0313,Cancelled,Settled,CLS,ICAP,360T,Swap,53:00.1,5/29/2025 13:53,5/31/2025,London,PORT4,1,No,Yes,RSK3214,Not required,Summit,Electronic,Confirmed,Urgent,JP Morgan,No,Passed,Incomplete,Flagged,No,Rate mismatch,AUD86401,281.21,USD,388.09,USD,184.08,AUD,21.78,USD,-798.43,-6856.26,Pending,FX_FIN_03,Rejected,5/30/2025
FX0181,5/12/2025,5/17/2025,7:56:54,TDR564,JPMorgan,USD/INR,Sell,INR,USD,INR,1000000,85.3911,Booked,Settled,Wire,Tullett Prebon,Reuters,Spot,,5/12/2025 13:53,5/17/2025,London,PORT5,3,Yes,No,RSK6654,Required,Murex,Electronic,Disputed,Urgent,JP Morgan,No,Passed,Pending,Pending Review,No,Counterparty mismatch,AUD19612,875.96,INR,344.9,INR,168.65,USD,20.4,INR,-390.86,-2001.13,Allocated,FX_OPS_01,Under Review,5/15/2025
FX0182,6/7/2025,6/11/2025,0:58:12,TDR489,Deutsche,AUD/USD,Sell,USD,AUD,USD,500000,104.7714,Booked,Failed,CLS,BGC Partners,Bloomberg,Swap,53:00.1,6/7/2025 12:53,6/11/2025,London,PORT5,3,No,Yes,RSK2350,Filed,Murex,Email,Confirmed,Special,BNY Mellon,Yes,Failed,Complete,Flagged,No,Counterparty mismatch,AUD38301,441.85,USD,200.87,USD,67.69,AUD,130.49,USD,4564.02,-1081.66,Allocated,FX_OPS_01,Approved,6/10/2025
FX0183,6/7/2025,6/12/2025,4:29:22,TDR183,HSBC,USD/CHF,Buy,USD,USD,CHF,500000,105.1049,Settled,Settled,CLS,BGC Partners,Bloomberg,Swap,53:00.1,6/7/2025 13:53,6/12/2025,Singapore,PORT5,1,No,Yes,RSK2391,Filed,Calypso,Manual,Disputed,Special,BNY Mellon,No,Failed,Pending,Pending Review,Yes,Counterparty mismatch,AUD51860,563.26,CHF,132.23,CHF,40.35,USD,35,CHF,-2488.24,-9355.43,Pending,FX_FIN_03,Rejected,6/8/2025
FX0184,5/30/2025,5/31/2025,8:18:22,TDR193,BNP Paribas,USD/JPY,Sell,JPY,USD,JPY,1000000,15.7761,Booked,Settled,Netting,Tullett Prebon,Bloomberg,Spot,,5/30/2025 13:53,5/31/2025,New York,PORT4,1,No,Yes,RSK8571,Filed,Calypso,Manual,Confirmed,Urgent,BNY Mellon,Yes,Passed,Incomplete,Flagged,No,Counterparty mismatch,AUD70011,913.61,JPY,296.39,JPY,80.28,USD,106.49,JPY,-4573.18,-611.5,Pending,FX_OPS_01,Approved,6/1/2025
FX0185,5/31/2025,6/5/2025,4:14:56,TDR893,Citi,USD/CHF,Buy,USD,USD,CHF,500000,61.4744,Cancelled,Pending,Netting,Tullett Prebon,Bloomberg,Spot,,5/31/2025 11:53,6/5/2025,New York,PORT4,1,Yes,Yes,RSK6825,Required,Calypso,Electronic,Disputed,Standard,BNY Mellon,No,Pending,Complete,Pending Review,Yes,Counterparty mismatch,AUD91035,296.34,CHF,143.25,CHF,150.93,USD,87.07,CHF,127.7,-4121.1,Pending,FX_TRD_02,Rejected,6/3/2025
FX0186,5/12/2025,5/17/2025,21:33:59,TDR364,Citi,USD/JPY,Buy,USD,USD,JPY,2000000,50.3665,Settled,Failed,CLS,ICAP,Bloomberg,Forward,53:00.1,5/12/2025 10:53,5/17/2025,Singapore,PORT1,1,No,No,RSK2694,Filed,Custom,Email,Pending,Standard,State Street,Yes,Passed,Complete,Clear,No,Rate mismatch,AUD20499,930.75,JPY,329.84,JPY,143.09,USD,149.05,JPY,3345.15,-8536.68,Pending,FX_TRD_02,Rejected,5/14/2025
FX0187,5/18/2025,5/23/2025,18:24:48,TDR184,JPMorgan,AUD/USD,Sell,USD,AUD,USD,1500000,75.8893,Cancelled,Pending,CLS,BGC Partners,Bloomberg,Spot,,5/18/2025 14:53,5/23/2025,London,PORT2,2,Yes,Yes,RSK7752,Filed,Summit,Manual,Disputed,Standard,HSBC Custody,Yes,Passed,Incomplete,Pending Review,Yes,Rate mismatch,AUD41304,572.74,USD,202.57,USD,195.24,AUD,87.53,USD,223.31,-8693.08,Pending,FX_OPS_01,Approved,5/19/2025
FX0188,5/18/2025,5/22/2025,8:39:41,TDR410,BNP Paribas,GBP/USD,Sell,USD,GBP,USD,1000000,118.5396,Cancelled,Settled,CLS,BGC Partners,EBS,Swap,53:00.1,5/18/2025 10:53,5/22/2025,London,PORT4,1,No,No,RSK6498,Required,Custom,Electronic,Disputed,Standard,JP Morgan,Yes,Failed,Pending,Pending Review,No,Late booking,AUD86737,648.9,USD,251.4,USD,183.92,GBP,32.26,USD,202.81,-4981.12,Allocated,FX_OPS_01,Approved,5/20/2025
FX0189,5/12/2025,5/17/2025,8:47:21,TDR108,BNP Paribas,EUR/USD,Sell,USD,EUR,USD,2000000,157.2672,Cancelled,Failed,CLS,ICAP,EBS,Swap,53:00.1,5/12/2025 14:53,5/17/2025,London,PORT1,1,Yes,No,RSK6569,Required,Custom,Electronic,Pending,Urgent,HSBC Custody,Yes,Passed,Complete,Clear,Yes,Late booking,AUD26792,799.36,USD,488.54,USD,186.54,EUR,72.25,USD,-3638.58,1656.6,Pending,FX_OPS_01,Approved,5/13/2025
FX0190,5/12/2025,5/17/2025,23:58:58,TDR562,Citi,USD/INR,Sell,INR,USD,INR,1000000,53.3532,Booked,Settled,Wire,Tullett Prebon,360T,Forward,53:00.1,5/12/2025 13:53,5/17/2025,Mumbai,PORT3,2,Yes,No,RSK3101,Required,Custom,SWIFT,Disputed,Special,BNY Mellon,No,Failed,Pending,Pending Review,No,Late booking,AUD71424,557.15,INR,202.81,INR,116.28,USD,128.7,INR,-1153.87,9205.42,Pending,FX_TRD_02,Rejected,5/13/2025
FX0191,5/18/2025,5/21/2025,3:42:13,TDR199,JPMorgan,GBP/USD,Buy,GBP,GBP,USD,2000000,139.3245,Cancelled,Failed,Netting,ICAP,360T,Spot,,5/18/2025 12:53,5/21/2025,New York,PORT3,1,No,No,RSK4766,Filed,Calypso,Electronic,Confirmed,Urgent,JP Morgan,No,Failed,Incomplete,Clear,Yes,Counterparty mismatch,AUD67668,248.31,USD,208.23,USD,141.59,GBP,13.73,USD,3360.72,-2539.75,Pending,FX_OPS_01,Under Review,5/19/2025
FX0192,5/22/2025,5/25/2025,7:45:30,TDR630,HSBC,GBP/USD,Buy,GBP,GBP,USD,500000,78.2541,Settled,Settled,CLS,ICAP,Bloomberg,Spot,,5/22/2025 13:53,5/25/2025,London,PORT2,3,No,Yes,RSK8379,Not required,Calypso,SWIFT,Confirmed,Urgent,JP Morgan,Yes,Failed,Incomplete,Clear,Yes,,AUD70903,854.82,USD,154.43,USD,162.83,GBP,143.25,USD,-2196.09,858.61,Pending,FX_OPS_01,Under Review,5/25/2025
FX0193,5/27/2025,6/1/2025,0:10:19,TDR292,Deutsche,USD/INR,Sell,INR,USD,INR,1000000,58.7342,Booked,Failed,Netting,ICAP,EBS,Spot,,5/27/2025 13:53,6/1/2025,London,PORT5,2,No,No,RSK9155,Required,Murex,Email,Pending,Standard,HSBC Custody,Yes,Pending,Incomplete,Flagged,Yes,Counterparty mismatch,AUD75089,234.75,INR,203.2,INR,141.67,USD,124.21,INR,1609.04,8549.75,Pending,FX_FIN_03,Approved,5/30/2025
FX0194,5/20/2025,5/25/2025,7:48:18,TDR927,JPMorgan,GBP/USD,Sell,USD,GBP,USD,2000000,48.5263,Settled,Failed,CLS,BGC Partners,EBS,Swap,53:00.1,5/20/2025 13:53,5/25/2025,London,PORT2,1,No,No,RSK8531,Not required,Summit,SWIFT,Disputed,Urgent,HSBC Custody,Yes,Passed,Complete,Pending Review,Yes,Rate mismatch,AUD41441,921.02,USD,61.87,USD,183.42,GBP,67.89,USD,3335.58,-9125.16,Allocated,FX_OPS_01,Rejected,5/22/2025
FX0195,5/18/2025,5/22/2025,0:34:45,TDR312,JPMorgan,USD/CHF,Sell,CHF,USD,CHF,500000,139.3,Booked,Failed,CLS,ICAP,Bloomberg,Spot,,5/18/2025 14:53,5/22/2025,New York,PORT4,3,No,Yes,RSK2805,Filed,Calypso,Manual,Pending,Urgent,JP Morgan,Yes,Failed,Pending,Clear,Yes,Missing documentation,AUD61454,777.69,CHF,301.56,CHF,86.35,USD,131.11,CHF,-3353.42,-1516.87,Failed,FX_OPS_01,Approved,5/19/2025
FX0196,5/26/2025,5/31/2025,23:17:59,TDR741,HSBC,USD/CHF,Buy,USD,USD,CHF,2000000,61.1978,Confirmed,Failed,CLS,BGC Partners,Bloomberg,Swap,53:00.1,5/26/2025 14:53,5/31/2025,Mumbai,PORT2,2,Yes,Yes,RSK3457,Filed,Summit,Electronic,Confirmed,Special,HSBC Custody,No,Passed,Pending,Flagged,Yes,Rate mismatch,AUD11630,205.3,CHF,276.22,CHF,168.85,USD,92.63,CHF,-2497.34,-4889.22,Pending,FX_TRD_02,Rejected,5/29/2025
FX0197,5/15/2025,5/19/2025,11:56:38,TDR158,HSBC,USD/INR,Sell,INR,USD,INR,1000000,38.7406,Confirmed,Settled,CLS,ICAP,360T,Forward,53:00.1,5/15/2025 11:53,5/19/2025,Mumbai,PORT1,2,Yes,No,RSK5404,Not required,Summit,Manual,Disputed,Special,State Street,Yes,Failed,Pending,Pending Review,No,Rate mismatch,AUD49022,746.87,INR,76.23,INR,86.41,USD,88.69,INR,-3846.83,6057.82,Allocated,FX_TRD_02,Under Review,5/16/2025
FX0198,5/22/2025,5/24/2025,9:39:59,TDR830,HSBC,USD/JPY,Buy,USD,USD,JPY,1000000,153.0516,Confirmed,Pending,Netting,BGC Partners,Reuters,Forward,53:00.1,5/22/2025 14:53,5/24/2025,Mumbai,PORT5,2,Yes,No,RSK4190,Filed,Summit,Electronic,Confirmed,Urgent,BNY Mellon,No,Failed,Incomplete,Flagged,Yes,Counterparty mismatch,AUD87571,567.37,JPY,156.59,JPY,81.51,USD,64.64,JPY,-2205.69,768.3,Failed,FX_TRD_02,Under Review,5/23/2025
FX0199,5/17/2025,5/20/2025,6:36:14,TDR978,JPMorgan,EUR/USD,Sell,USD,EUR,USD,500000,92.7164,Cancelled,Settled,CLS,Tullett Prebon,360T,Swap,53:00.1,5/17/2025 11:53,5/20/2025,New York,PORT1,1,No,No,RSK9746,Not required,Calypso,Manual,Pending,Special,BNY Mellon,No,Pending,Incomplete,Pending Review,No,Late booking,AUD62368,922.7,USD,254.16,USD,33.85,EUR,137.51,USD,667.42,9733.35,Failed,FX_OPS_01,Rejected,5/19/2025
FX0200,5/10/2025,5/13/2025,7:36:10,TDR862,JPMorgan,USD/JPY,Buy,USD,USD,JPY,1000000,99.8987,Confirmed,Failed,CLS,Tullett Prebon,360T,Spot,,5/10/2025 10:53,5/13/2025,London,PORT1,2,Yes,No,RSK4231,Not required,Custom,Electronic,Disputed,Special,HSBC Custody,No,Pending,Incomplete,Pending Review,No,Rate mismatch,AUD41715,189.75,JPY,465.47,JPY,56.38,USD,109.44,JPY,-4887.95,2774.71,Failed,FX_FIN_03,Under Review,5/11/2025
